Workbook
Name n_Manning: Parameters!$C$6
Name K_sss: Parameters!$C$7
Name f_sss: Parameters!$C$8
Name K_sc: Parameters!$C$9
Name f_sc: Parameters!$C$10
Name V_max: Parameters!$C$11
Name rho_w: Parameters!$C$12
Name g_acc: Parameters!$C$13
Name tau_sss: Parameters!$C$14
Name tau_sc: Parameters!$C$15
Name PCC: Parameters!$C$17
Name PF_method: Parameters!$C$18
Name PF_a: Parameters!$C$19
Name PF_b: Parameters!$C$20
Name GWI_rate: Parameters!$C$21
Name PortionWet: Parameters!$C$22
Name IIF_coef: Parameters!$C$23
Name IIF_C: Parameters!$C$24
Name I_12: Parameters!$C$25
Name I_area_ref: Parameters!$C$26
Name I_area_exp: Parameters!$C$27
Name F_cont: Parameters!$C$28
Name Dens_ref: Parameters!$C$29
Name Dens_basis: Parameters!$C$30
Name Dens_low: Parameters!$C$32
Name Dens_high: Parameters!$C$33
Name EP_low: Parameters!$C$34
Name EP_med: Parameters!$C$35
Name EP_high: Parameters!$C$36
Name PDWF_L_s: 'Grade Calculator'!$C$9
Name PWWF_L_s: 'Grade Calculator'!$C$10

Sheet README
A1: Sewer minimum / maximum grade calculator - Icon Water (ACT) STD-SPE-G-011
A2: Replaces '230508 - Sewer Calcs - Peak Flows, Max Grade, Min Grade - DC.xlsx' (left untouched).
A4: WHAT IT DOES
A5: ACT only. Given a design PDWF (from EP, or typed in) it returns, for each pipe size DN150-DN900, Icon Water's slime-control grade Sss, self-cleansing grade Ssc, the governing minimum (with the absolute minimum), the maximum grade (V_max at PDWF) and a capacity check at PWWF.
A7: HOW TO USE
A8: 1. 'Peak Flows': enter precincts (dwellings, area). PDWF / GWI / IIF / PWWF follow the WSA 02 Appendix B model; every coefficient is on 'Parameters'.
A9: 2. 'Grade Calculator': pick the precinct (or type an EP, or PDWF and PWWF directly). Read Smin / Smax per DN. Yellow = input, green = result.
A10: 3. 'Design Table': the reverse direction - pick DN and depth ratio y/D and read the PDWF that corresponds to it and the grade. No iteration; good for charts and cross-checking.
A11: 4. 'Parameters': n, K_sss, K_sc, f_sss, f_sc, V_max and the flow coefficients.
A12: 5. 'Validation': reproduces the three cases the original sheet solved in Wolfram Alpha.
A14: METHOD (why no Wolfram Alpha is needed)
A15: Icon Water Eq IW.5.5.3.2 is a tractive-force criterion: Sss (%) = 0.0338 / Rp <=> S = K / Rp with K = 0.000338 m, i.e. boundary shear stress tau = rho g Rp S = 3.32 Pa.
... A33: Still site-specific: replace 21.4 mm/h with the Bureau of Meteorology 1-hour 39.35% AEP intensity for the catchment. The supplement illustrates the lookup for central Canberra; it does not print 21.4 as the design value.

Sheet Parameters
A1: Parameters (yellow = editable input)
A2: All calculation sheets reference these cells by defined name (Formulas > Name Manager).
A4: Parameter | B4: Symbol / name | C4: Value | D4: Units | E4: Source / note
A5: Hydraulics - Icon Water STD-SPE-G-011 (supplement to WSA 02-2014)
A6: Manning roughness coefficient (Icon) | B6: n | C6: 0.012 | D6: - | E6: STD-SPE-G-011 Table IW.3 gives 0.011 / 0.012 by material; 0.012 is the conservative value used in the original sheet.
A7: Sulphide slime control coefficient | B7: K_sss | C7: 0.0338 | D7: % x m | E7: Eq IW.5.5.3.2: Sss (%) = 0.0338 / Rp, Rp = hydraulic radius at f_sss x PDWF. Equivalent boundary shear stress tau = K/100 x rho x g = 3.32 Pa.
A8: Flow fraction for slime control | B8: f_sss | C8: 0.75 | D8: - | E8: Eq IW.5.5.3.3: Rp evaluated at 0.75 x PDWF (TPF = 0).
A9: Self-cleansing coefficient | B9: K_sc | C9: 0.0135 | D9: % x m | E9: Eq IW.5.5.3.1: Ssc (%) = 0.0135 / Rp. Same Rp as slime control (Eq IW.5.5.3.3).
A10: Flow fraction in Qdmp | B10: f_sc | C10: 0.75 | D10: - | E10: Eq IW.5.5.3.3: Qdmp = 0.75 x (PDWF + 2/3 TPF). Both Ssc and Sss use Rp at this flow. f_sss is the same factor.
A11: Maximum velocity | B11: V_max | C11: 3 | D11: m/s | E11: IW.5.5.4: maximum grade is the grade at which velocity at PDWF reaches 3.0 m/s. The original sheet used 2.9 m/s with PWWF and carried a note to change to 3.0 m/s and PDWF.
A12: Water density | B12: rho | C12: 1000 | D12: kg/m3 | E12: Shear-stress equivalents only.
A13: Gravity | B13: g | C13: 9.81 | D13: m/s2 | E13: Shear-stress equivalents only.
A14: Shear stress equivalent of K_sss | B14: tau_sss | C14: =K_sss/100*rho_w*g_acc | D14: Pa | E14: Derived - information only.
A15: Shear stress equivalent of K_sc | B15: tau_sc | C15: =K_sc/100*rho_w*g_acc | D15: Pa | E15: Derived - information only.
A16: Flow estimation - STD-SPE-G-011 Version 5 (8 Oct 2025), Section IW.3
A17: ADWF loading | B17: PCC | C17: 180 | D17: L/EP/day | E17: WSA 02 App B2: ADWF = 0.0021 L/s/EP = 180 L/d/EP.
A18: Peaking factor method (1 = a x EP^-b as original; 2 = WSA 02 App B d(area) polynomial) | B18: PF_method | C18: 1 | D18: - | E18: Icon requires method 1: Eqn 3.4.2.3, PDWF = 5.83 x ADWF / TEP^0.1. Method 2 is the old WSA area polynomial and is not used by Icon.
A19: Peaking factor coefficient (method 1) | B19: PF_a | C19: 5.83 | D19: -
A20: Peaking factor exponent (method 1) | B20: PF_b | C20: 0.1 | D20: -
A21: Groundwater infiltration rate | B21: GWI_rate | C21: 0.01875 | D21: L/s/ha | E21: Eqn 3.4.3.1: GWI = 0.01875 x NSA x Portionwet.
A22: Portion of network below groundwater | B22: PortionWet | C22: 0.75 | D22: - | E22: Icon default Portionwet = 0.75, applied once on top of the 0.01875 coefficient.
A23: IIF (RDI) coefficient | B23: IIF_coef | C23: 0.028 | D23: - | E23: WSA 02 App B4: IIF = 0.028 x AEff x C x I.
A24: IIF leakage severity coefficient C | B24: IIF_C | C24: 1.2 | D24: - | E24: WSA 02 Table B1: 0.4 (low) to 1.6 (high). Original sheet 1.2.
A25: 1-hour rainfall intensity at 39.35% AEP | B25: I_12 | C25: 21.4 | D25: mm/h | E25: Eqn 3.4.4.2: I = I(1 hour, 39.35% AEP) x (40/NSA)^0.12 x 1.5. Look the intensity up on the Bureau of Meteorology Design Rainfall Data System for the site. 21.4 is the original spreadsheet figure, not a constant printed in STD-SPE-G-011.
A26: FactorSize reference area | B26: I_area_ref | C26: 40 | D26: ha | E26: FactorSize = (40/A)^0.12 (WSA 02 App B4).
A27: FactorSize exponent | B27: I_area_exp | C27: 0.12 | D27: -
A28: FactorContainment | B28: F_cont | C28: 1.5 | D28: - | E28: WSA 02 Table B3: 1.5 for 10-year ARI containment (SW minimum). Original sheet 1.5.
A29: AEff density reference | B29: Dens_ref | C29: 150 | D29: EP/ha | E29: AEff = A x (Density/150)^0.5 for Density < 150 EP/ha, else AEff = A (WSA 02 App B4).
A30: Density basis for AEff (1 = EP/ha per WSA 02; 0 = dwellings/ha as original sheet) | B30: Dens_basis | C30: 1 | D30: - | E30: WSA 02 defines Density as EP per gross hectare. The original sheet used dwellings/ha, and dropped the factor only where dwellings/ha > 150.
A31: EP per dwelling by dwelling density (original sheet lookup)
A32: Low density threshold (< this = low) | B32: Dens_low | C32: 25 | D32: dw/ha
A33: High density threshold (> this = high) | B33: Dens_high | C33: 80 | D33: dw/ha
A34: EP/dwelling - low density | B34: EP_low | C34: 3.5 | D34: EP | E34: Table IW.1: low density, under 25 dwellings per hectare NSA.
A35: EP/dwelling - medium density | B35: EP_med | C35: 2.5 | D35: EP
A36: EP/dwelling - high density | B36: EP_high | C36: 2 | D36: EP

Sheet Peak Flows
A1: Design flow estimation by precinct - WSA 02 Appendix B model (PDWF + GWI + IIF)
A2: Inputs: precinct id, dwellings, area (ha). EP/dwelling is looked up from dwelling density. Coefficients live on 'Parameters'. PWWF here = WSA 02 'design flow' = PDWF + GWI + IIF (the original sheet called IIF 'RDI').
A4: Precinct | B4: Dwellings | C4: Area (ha) | D4: Dwelling density (dw/ha) | E4: EP / dwelling | F4: Total EP | G4: EP density (EP/ha) | H4: ADWF (L/s) | I4: Peaking factor d | J4: PDWF (L/s) | K4: GWI (L/s) | L4: AEff factor | M4: I (mm/h) | N4: IIF / RDI (L/s) | O4: PWWF = design flow (L/s)
A5: 1 | B5: 78 | C5: 1.54 | D5: =IF(C5=0,0,B5/C5) | E5: =IF(B5=0,0,IF(D5<Dens_low,EP_low,IF(D5<=Dens_high,EP_med,EP_high))) | F5: =E5*B5 | G5: =IF(C5=0,0,F5/C5) | H5: =F5*PCC/86400 | I5: =IF(F5<=0,0,IF(PF_method=2,IF(C5<=0,0,0.01*LOG10(C5)^4-0.19*LOG10(C5)^3+1.4*LOG10(C5)^2-4.66*LOG10(C5)+7.57),PF_a/F5^PF_b)) | J5: =I5*H5 | K5: =GWI_rate*C5*PortionWet | L5: =IF(C5=0,0,IF(Dens_basis=1,MIN(1,SQRT(G5/Dens_ref)),MIN(1,SQRT(D5/Dens_ref)))) | M5: =IF(C5=0,0,I_12*(I_area_ref/C5)^I_area_exp*F_cont) | N5: =C5*L5*IIF_coef*IIF_C*M5 | O5: =J5+K5+N5
A6: 2 | B6: 207 | C6: 2.25 | D6: =IF(C6=0,0,B6/C6) | E6: =IF(B6=0,0,IF(D6<Dens_low,EP_low,IF(D6<=Dens_high,EP_med,EP_high))) | F6: =E6*B6 | G6: =IF(C6=0,0,F6/C6) | H6: =F6*PCC/86400 | I6: =IF(F6<=0,0,IF(PF_method=2,IF(C6<=0,0,0.01*LOG10(C6)^4-0.19*LOG10(C6)^3+1.4*LOG10(C6)^2-4.66*LOG10(C6)+7.57),PF_a/F6^PF_b)) | J6: =I6*H6 | K6: =GWI_rate*C6*PortionWet | L6: =IF(C6=0,0,IF(Dens_basis=1,MIN(1,SQRT(G6/Dens_ref)),MIN(1,SQRT(D6/Dens_ref)))) | M6: =IF(C6=0,0,I_12*(I_area_ref/C6)^I_area_exp*F_cont) | N6: =C6*L6*IIF_coef*IIF_C*M6 | O6: =J6+K6+N6
A7: 3 | B7: 156 | C7: 0.8 | D7: =IF(C7=0,0,B7/C7) | E7: =IF(B7=0,0,IF(D7<Dens_low,EP_low,IF(D7<=Dens_high,EP_med,EP_high))) | F7: =E7*B7 | G7: =IF(C7=0,0,F7/C7) | H7: =F7*PCC/86400 | I7: =IF(F7<=0,0,IF(PF_method=2,IF(C7<=0,0,0.01*LOG10(C7)^4-0.19*LOG10(C7)^3+1.4*LOG10(C7)^2-4.66*LOG10(C7)+7.57),PF_a/F7^PF_b)) | J7: =I7*H7 | K7: =GWI_rate*C7*PortionWet | L7: =IF(C7=0,0,IF(Dens_basis=1,MIN(1,SQRT(G7/Dens_ref)),MIN(1,SQRT(D7/Dens_ref)))) | M7: =IF(C7=0,0,I_12*(I_area_ref/C7)^I_area_exp*F_cont) | N7: =C7*L7*IIF_coef*IIF_C*M7 | O7: =J7+K7+N7
A8: 4 | B8: 124 | C8: 0.44 | D8: =IF(C8=0,0,B8/C8) | E8: =IF(B8=0,0,IF(D8<Dens_low,EP_low,IF(D8<=Dens_high,EP_med,EP_high))) | F8: =E8*B8 | G8: =IF(C8=0,0,F8/C8) | H8: =F8*PCC/86400 | I8: =IF(F8<=0,0,IF(PF_method=2,IF(C8<=0,0,0.01*LOG10(C8)^4-0.19*LOG10(C8)^3+1.4*LOG10(C8)^2-4.66*LOG10(C8)+7.57),PF_a/F8^PF_b)) | J8: =I8*H8 | K8: =GWI_rate*C8*PortionWet | L8: =IF(C8=0,0,IF(Dens_basis=1,MIN(1,SQRT(G8/Dens_ref)),MIN(1,SQRT(D8/Dens_ref)))) | M8: =IF(C8=0,0,I_12*(I_area_ref/C8)^I_area_exp*F_cont) | N8: =C8*L8*IIF_coef*IIF_C*M8 | O8: =J8+K8+N8
A9: 5 | B9: 159 | C9: 0.84 | D9: =IF(C9=0,0,B9/C9) | E9: =IF(B9=0,0,IF(D9<Dens_low,EP_low,IF(D9<=Dens_high,EP_med,EP_high))) | F9: =E9*B9 | G9: =IF(C9=0,0,F9/C9) | H9: =F9*PCC/86400 | I9: =IF(F9<=0,0,IF(PF_method=2,IF(C9<=0,0,0.01*LOG10(C9)^4-0.19*LOG10(C9)^3+1.4*LOG10(C9)^2-4.66*LOG10(C9)+7.57),PF_a/F9^PF_b)) | J9: =I9*H9 | K9: =GWI_rate*C9*PortionWet | L9: =IF(C9=0,0,IF(Dens_basis=1,MIN(1,SQRT(G9/Dens_ref)),MIN(1,SQRT(D9/Dens_ref)))) | M9: =IF(C9=0,0,I_12*(I_area_ref/C9)^I_area_exp*F_cont) | N9: =C9*L9*IIF_coef*IIF_C*M9 | O9: =J9+K9+N9
A10: 6 | B10: 175 | C10: 1.38 | D10: =IF(C10=0,0,B10/C10) | E10: =IF(B10=0,0,IF(D10<Dens_low,EP_low,IF(D10<=Dens_high,EP_med,EP_high))) | F10: =E10*B10 | G10: =IF(C10=0,0,F10/C10) | H10: =F10*PCC/86400 | I10: =IF(F10<=0,0,IF(PF_method=2,IF(C10<=0,0,0.01*LOG10(C10)^4-0.19*LOG10(C10)^3+1.4*LOG10(C10)^2-4.66*LOG10(C10)+7.57),PF_a/F10^PF_b)) | J10: =I10*H10 | K10: =GWI_rate*C10*PortionWet | L10: =IF(C10=0,0,IF(Dens_basis=1,MIN(1,SQRT(G10/Dens_ref)),MIN(1,SQRT(D10/Dens_ref)))) | M10: =IF(C10=0,0,I_12*(I_area_ref/C10)^I_area_exp*F_cont) | N10: =C10*L10*IIF_coef*IIF_C*M10 | O10: =J10+K10+N10
A11: 7 | B11: 121 | C11: 1.04 | D11: =IF(C11=0,0,B11/C11) | E11: =IF(B11=0,0,IF(D11<Dens_low,EP_low,IF(D11<=Dens_high,EP_med,EP_high))) | F11: =E11*B11 | G11: =IF(C11=0,0,F11/C11) | H11: =F11*PCC/86400 | I11: =IF(F11<=0,0,IF(PF_method=2,IF(C11<=0,0,0.01*LOG10(C11)^4-0.19*LOG10(C11)^3+1.4*LOG10(C11)^2-4.66*LOG10(C11)+7.57),PF_a/F11^PF_b)) | J11: =I11*H11 | K11: =GWI_rate*C11*PortionWet | L11: =IF(C11=0,0,IF(Dens_basis=1,MIN(1,SQRT(G11/Dens_ref)),MIN(1,SQRT(D11/Dens_ref)))) | M11: =IF(C11=0,0,I_12*(I_area_ref/C11)^I_area_exp*F_cont) | N11: =C11*L11*IIF_coef*IIF_C*M11 | O11: =J11+K11+N11
A12: 8 | B12: 42 | C12: 0.358 | D12: =IF(C12=0,0,B12/C12) | E12: =IF(B12=0,0,IF(D12<Dens_low,EP_low,IF(D12<=Dens_high,EP_med,EP_high))) | F12: =E12*B12 | G12: =IF(C12=0,0,F12/C12) | H12: =F12*PCC/86400 | I12: =IF(F12<=0,0,IF(PF_method=2,IF(C12<=0,0,0.01*LOG10(C12)^4-0.19*LOG10(C12)^3+1.4*LOG10(C12)^2-4.66*LOG10(C12)+7.57),PF_a/F12^PF_b)) | J12: =I12*H12 | K12: =GWI_rate*C12*PortionWet | L12: =IF(C12=0,0,IF(Dens_basis=1,MIN(1,SQRT(G12/Dens_ref)),MIN(1,SQRT(D12/Dens_ref)))) | M12: =IF(C12=0,0,I_12*(I_area_ref/C12)^I_area_exp*F_cont) | N12: =C12*L12*IIF_coef*IIF_C*M12 | O12: =J12+K12+N12
A13: 9 | B13: 30 | C13: 0.71 | D13: =IF(C13=0,0,B13/C13) | E13: =IF(B13=0,0,IF(D13<Dens_low,EP_low,IF(D13<=Dens_high,EP_med,EP_high))) | F13: =E13*B13 | G13: =IF(C13=0,0,F13/C13) | H13: =F13*PCC/86400 | I13: =IF(F13<=0,0,IF(PF_method=2,IF(C13<=0,0,0.01*LOG10(C13)^4-0.19*LOG10(C13)^3+1.4*LOG10(C13)^2-4.66*LOG10(C13)+7.57),PF_a/F13^PF_b)) | J13: =I13*H13 | K13: =GWI_rate*C13*PortionWet | L13: =IF(C13=0,0,IF(Dens_basis=1,MIN(1,SQRT(G13/Dens_ref)),MIN(1,SQRT(D13/Dens_ref)))) | M13: =IF(C13=0,0,I_12*(I_area_ref/C13)^I_area_exp*F_cont) | N13: =C13*L13*IIF_coef*IIF_C*M13 | O13: =J13+K13+N13
A14: 10 | B14: 0 | C14: 3.19 | D14: =IF(C14=0,0,B14/C14) | E14: =IF(B14=0,0,IF(D14<Dens_low,EP_low,IF(D14<=Dens_high,EP_med,EP_high))) | F14: =E14*B14 | G14: =IF(C14=0,0,F14/C14) | H14: =F14*PCC/86400 | I14: =IF(F14<=0,0,IF(PF_method=2,IF(C14<=0,0,0.01*LOG10(C14)^4-0.19*LOG10(C14)^3+1.4*LOG10(C14)^2-4.66*LOG10(C14)+7.57),PF_a/F14^PF_b)) | J14: =I14*H14 | K14: =GWI_rate*C14*PortionWet | L14: =IF(C14=0,0,IF(Dens_basis=1,MIN(1,SQRT(G14/Dens_ref)),MIN(1,SQRT(D14/Dens_ref)))) | M14: =IF(C14=0,0,I_12*(I_area_ref/C14)^I_area_exp*F_cont) | N14: =C14*L14*IIF_coef*IIF_C*M14 | O14: =J14+K14+N14
A16: Sum of precincts | B16: =SUM(B5:B14) | C16: =SUM(C5:C14) | F16: =SUM(F5:F14) | H16: =SUM(H5:H14) | J16: =SUM(J5:J14) | K16: =SUM(K5:K14) | N16: =SUM(N5:N14) | O16: =SUM(O5:O14)
A17: Combined system (peaking factor on total EP / total area) | C17: =C16 | F17: =F16 | H17: =H16 | I17: =IF(F17<=0,0,IF(PF_method=2,IF(C17<=0,0,0.01*LOG10(C17)^4-0.19*LOG10(C17)^3+1.4*LOG10(C17)^2-4.66*LOG10(C17)+7.57),PF_a/F17^PF_b)) | J17: =I17*H17 | K17: =K16 | N17: =N16 | O17: =J17+K17+N17
A19: Notes: (1) the peaking factor falls with EP (or area), so summing precinct PDWFs over-estimates the PDWF of the combined catchment - use the 'Combined system' row for a trunk serving all precincts (the original summed PWWF = 28.2 L/s). (2) Precinct 10 (0 dwellings) previously gave #DIV/0!. (3) With the original settings (PF_method 1, Dens_basis 0, PortionWet applied once) precinct 2 gives PDWF 2.75 L/s and PWWF 5.48 L/s (original 5.47 - the 0.01 difference is the GWI double-factor).

Sheet Grade Calculator
A1: Minimum and maximum sewer grade by pipe size - Icon Water (ACT) STD-SPE-G-011, supplement to WSA 02-2014 - explicit solution, no Wolfram Alpha
A2: ACT only. Grades are in % (1.000 = 1 % = 1 in 100). Use 'Solve for' to pick the unknown: Grade (from flow and DN), Flow (from a grade and DN), or Diameter (smallest DN whose minimum grade is no steeper than the grade you can build). The table below is always the grade-from-flow direction for every DN.
A4: Precinct (from 'Peak Flows') | C4: 2 | E4: Legend: | F4: input | G4: calculated | I4: Solve for | J4: Grade
A5: Manual EP override (0 = use precinct) | C5: 0 | I5: DN | J5: 225
A6: Manual PDWF override (L/s, 0 = off) | C6: 0 | I6: Grade (%) — input for Flow and Diameter | J6: 1
A7: Manual PWWF override (L/s, 0 = off) | C7: 0
A8: EP used | C8: =IF(C6>0,"n/a",IF(C5>0,C5,IFERROR(INDEX('Peak Flows'!$F$5:$F$14,MATCH(C4,'Peak Flows'!$A$5:$A$14,0)),0))) | I8: Answer | J8: =IF($J$4="Grade",INDEX($R$16:$R$25,MATCH($J$5,$A$16:$A$25,0)),IF($J$4="Flow",IF(OR($J$6<=0,$J$5=""),"",IF(Calc!C28<=0,"grade flatter than a full pipe",(1/n_Manning)*(($J$5/1000)^2*(Calc!R28-SIN(Calc!R28))/8)*(Calc!C28^(2/3))*SQRT($J$6/100)*1000)),IF($J$4="Diameter",IFERROR(AGGREGATE(15,6,$A$16:$A$25/(($R$16:$R$25<=$J$6)*(IF(ISNUMBER($Y$16:$Y$25),$Y$16:$Y$25>=$R$16:$R$25,1))*(($AA$16:$AA$25>=PWWF_L_s)+(PWWF_L_s<=0))),1),"none"),"")))
A9: PDWF used (L/s) | C9: =IF(C6>0,C6,IF(C5>0,IF(PF_method=2,"set PF_method=1 or enter PDWF",PF_a*(C5*PCC/86400)/C5^PF_b),IFERROR(INDEX('Peak Flows'!$J$5:$J$14,MATCH(C4,'Peak Flows'!$A$5:$A$14,0)),0))) | I9: What the answer is | J9: =IF($J$4="Grade","Governing minimum grade (%) for the DN",IF($J$4="Flow","Qdmp (L/s) at which this grade equals Sss. PDWF = Qdmp/f_sss - (2/3) TPF when that is positive.",IF($J$4="Diameter","Smallest DN whose minimum grade is no steeper than the grade entered, which can still carry PWWF, and whose maximum grade is steeper than its minimum.","")))
A10: PWWF used (L/s) - capacity check only | C10: =IF(C7>0,C7,IF(OR(C6>0,C5>0),0,IFERROR(INDEX('Peak Flows'!$O$5:$O$14,MATCH(C4,'Peak Flows'!$A$5:$A$14,0)),0))) | I10: Also | J10: =IF($J$4="Grade",INDEX($T$16:$T$25,MATCH($J$5,$A$16:$A$25,0)),IF($J$4="Flow",IF(ISNUMBER(J8),J8/f_sss-(2/3)*$C$13,""),IF($J$4="Diameter",IF(ISNUMBER(J8),INDEX($R$16:$R$25,MATCH(J8,$A$16:$A$25,0)),""),"")))
A11: Qdmp = f_sss x (PDWF + 2/3 TPF) (L/s) | C11: =f_sss*(C9+(2/3)*C13) | I11: Also means | J11: =IF($J$4="Grade","Which criterion governs",IF($J$4="Flow","PDWF (L/s) for that slime-control grade, after pumped flow",IF($J$4="Diameter","That DN's governing minimum grade (%)","")))
A12: Q for self-cleansing = same Qdmp (L/s) | C12: =C11 | I12: Self-cleansing flow at the same grade (L/s Qdmp) | J12: =IF($J$4="Flow",IF(OR($J$6<=0,$J$5=""),"",IF(Calc!C29<=0,"grade flatter than a full pipe",(1/n_Manning)*(($J$5/1000)^2*(Calc!R29-SIN(Calc!R29))/8)*(Calc!C29^(2/3))*SQRT($J$6/100)*1000)),"")
A13: Total pumped flow TPF (L/s, 0 if none) | C13: 0
A14: DN150 only: ultimate houses draining to the line | C14: Sulphide slime control Sss = K_sss / Rp at f_sss x PDWF (Eq IW.5.5.3.2 / 3.3) | K14: Self-cleansing Ssc = K_sc / Rp at f_sc x PDWF (Eq IW.5.5.3.1 - verify K_sc) | Q14: Governing minimum grade | U14: Maximum grade (V = V_max at PDWF, IW.5.5.4) | AA14: Capacity check at the governing minimum grade (PWWF)
A15: DN | B15: D (m) | C15: Q75 (L/s) | D15: theta (rad) | E15: y (mm) | F15: y/D | G15: Rp (m) | H15: V (m/s) | I15: Sss (%) | J15: Sss (1 in) | K15: Qsc (L/s) | L15: theta (rad) | M15: y/D | N15: Rp (m) | O15: V (m/s) | P15: Ssc (%) | Q15: Absolute min (%) 80/ID or Table IW.4 | R15: Governing Smin (%) | S15: Smin (1 in) | T15: Governing criterion | U15: A = PDWF/V_max (m2) | V15: theta (rad) | W15: y/D | X15: R (m) | Y15: Smax (%) | Z15: Smax (1 in) | AA15: Q full at Smin (L/s) | AB15: PWWF / Qfull | AC15: y/D at PWWF | AD15: V at PWWF (m/s) | AE15: PDWF / Qfull | AF15: Status
A16: 150 | B16: =A16/1000 | C16: =$C$11 | D16: =Calc!R16 | E16: =IF(D16=0,"",$B16/2*(1-COS(D16/2))*1000) | F16: =IF(D16=0,"",(1-COS(D16/2))/2) | G16: =IF(D16=0,"",($B16/4)*(1-SIN(D16)/D16)) | H16: =IF(D16=0,"",(C16/1000)/($B16^2*(D16-SIN(D16))/8)) | I16: =IF(D16=0,"",K_sss/G16) | J16: =IF(D16=0,"",100/I16) | K16: =$C$12 | L16: =Calc!AI16 | M16: =IF(L16=0,"",(1-COS(L16/2))/2) | N16: =IF(L16=0,"",($B16/4)*(1-SIN(L16)/L16)) | O16: =IF(L16=0,"",(K16/1000)/($B16^2*(L16-SIN(L16))/8)) | P16: =IF(L16=0,"",K_sc/N16) | Q16: =IF(A16<=150,IF($C$14>=35,0.7,IF($C$14>=28,0.8,IF($C$14>=18,0.9,IF($C$14>=12,1,IF($C$14>=7,1.1,IF($C$14>=2,1.2,IF($C$14>=1,1.25,""))))))),80/A16) | R16: =IF(A16<=150,IF(ISNUMBER(Q16),Q16,""),MAX(IF(ISNUMBER(I16),I16,0),IF(ISNUMBER(P16),P16,0),IF(ISNUMBER(Q16),Q16,0))) | S16: =IF(OR(R16="",R16<=0),"",100/R16) | T16: =IF(A16<=150,"DN150 Table IW.4",IF(OR(R16="",R16<=0),"no flow",IF(R16=Q16,"Absolute minimum (80/ID)",IF(AND(ISNUMBER(I16),R16=I16),"Slime control (Sss)","Self-cleansing (Ssc)")))) | U16: =IF(PDWF_L_s<=0,"",(PDWF_L_s/1000)/V_max) | V16: =Calc!AZ16 | W16: =IF(V16=0,"",(1-COS(V16/2))/2) | X16: =IF(V16=0,"",($B16/4)*(1-SIN(V16)/V16)) | Y16: =IF(V16=0,"",IF(U16>=PI()*$B16^2/4,"n/a - full",((V_max*n_Manning)/(X16^(2/3)))^2*100)) | Z16: =IF(ISNUMBER(Y16),100/Y16,"") | AA16: =IF(R16<=0,"",(1/n_Manning)*(PI()*$B16^2/4)*($B16/4)^(2/3)*SQRT(R16/100)*1000) | AB16: =IF(OR(PWWF_L_s<=0,R16<=0),"",PWWF_L_s/AA16) | AC16: =IF(OR(PWWF_L_s<=0,R16<=0),"",IF(AB16>=1,">1 (full)",(1-COS(Calc!BQ16/2))/2)) | AD16: =IF(OR(PWWF_L_s<=0,R16<=0),"",IF(AB16>=1,PWWF_L_s/1000/(PI()*$B16^2/4),(PWWF_L_s/1000)/($B16^2*(Calc!BQ16-SIN(Calc!BQ16))/8))) | AE16: =IF(OR(PDWF_L_s<=0,R16<=0),"",PDWF_L_s/AA16) | AF16: =IF(PDWF_L_s<=0,"enter flow",IF(OR(F16>0.95,M16>0.95),"Pipe too small for PDWF",IF(AND(ISNUMBER(Y16),Y16<R16),"Smax < Smin - pipe too large for flow",IF(PWWF_L_s<=0,"PWWF not set",IF(AB16>1,"SURCHARGED at Smin - size up or steepen","OK")))))
A17: 225 | B17: =A17/1000 | C17: =$C$11 | D17: =Calc!R17 | E17: =IF(D17=0,"",$B17/2*(1-COS(D17/2))*1000) | F17: =IF(D17=0,"",(1-COS(D17/2))/2) | G17: =IF(D17=0,"",($B17/4)*(1-SIN(D17)/D17)) | H17: =IF(D17=0,"",(C17/1000)/($B17^2*(D17-SIN(D17))/8)) | I17: =IF(D17=0,"",K_sss/G17) | J17: =IF(D17=0,"",100/I17) | K17: =$C$12 | L17: =Calc!AI17 | M17: =IF(L17=0,"",(1-COS(L17/2))/2) | N17: =IF(L17=0,"",($B17/4)*(1-SIN(L17)/L17)) | O17: =IF(L17=0,"",(K17/1000)/($B17^2*(L17-SIN(L17))/8)) | P17: =IF(L17=0,"",K_sc/N17) | Q17: =IF(A17<=150,IF($C$14>=35,0.7,IF($C$14>=28,0.8,IF($C$14>=18,0.9,IF($C$14>=12,1,IF($C$14>=7,1.1,IF($C$14>=2,1.2,IF($C$14>=1,1.25,""))))))),80/A17) | R17: =IF(A17<=150,IF(ISNUMBER(Q17),Q17,""),MAX(IF(ISNUMBER(I17),I17,0),IF(ISNUMBER(P17),P17,0),IF(ISNUMBER(Q17),Q17,0))) | S17: =IF(OR(R17="",R17<=0),"",100/R17) | T17: =IF(A17<=150,"DN150 Table IW.4",IF(OR(R17="",R17<=0),"no flow",IF(R17=Q17,"Absolute minimum (80/ID)",IF(AND(ISNUMBER(I17),R17=I17),"Slime control (Sss)","Self-cleansing (Ssc)")))) | U17: =IF(PDWF_L_s<=0,"",(PDWF_L_s/1000)/V_max) | V17: =Calc!AZ17 | W17: =IF(V17=0,"",(1-COS(V17/2))/2) | X17: =IF(V17=0,"",($B17/4)*(1-SIN(V17)/V17)) | Y17: =IF(V17=0,"",IF(U17>=PI()*$B17^2/4,"n/a - full",((V_max*n_Manning)/(X17^(2/3)))^2*100)) | Z17: =IF(ISNUMBER(Y17),100/Y17,"") | AA17: =IF(R17<=0,"",(1/n_Manning)*(PI()*$B17^2/4)*($B17/4)^(2/3)*SQRT(R17/100)*1000) | AB17: =IF(OR(PWWF_L_s<=0,R17<=0),"",PWWF_L_s/AA17) | AC17: =IF(OR(PWWF_L_s<=0,R17<=0),"",IF(AB17>=1,">1 (full)",(1-COS(Calc!BQ17/2))/2)) | AD17: =IF(OR(PWWF_L_s<=0,R17<=0),"",IF(AB17>=1,PWWF_L_s/1000/(PI()*$B17^2/4),(PWWF_L_s/1000)/($B17^2*(Calc!BQ17-SIN(Calc!BQ17))/8))) | AE17: =IF(OR(PDWF_L_s<=0,R17<=0),"",PDWF_L_s/AA17) | AF17: =IF(PDWF_L_s<=0,"enter flow",IF(OR(F17>0.95,M17>0.95),"Pipe too small for PDWF",IF(AND(ISNUMBER(Y17),Y17<R17),"Smax < Smin - pipe too large for flow",IF(PWWF_L_s<=0,"PWWF not set",IF(AB17>1,"SURCHARGED at Smin - size up or steepen","OK")))))
A18: 300 | B18: =A18/1000 | C18: =$C$11 | D18: =Calc!R18 | E18: =IF(D18=0,"",$B18/2*(1-COS(D18/2))*1000) | F18: =IF(D18=0,"",(1-COS(D18/2))/2) | G18: =IF(D18=0,"",($B18/4)*(1-SIN(D18)/D18)) | H18: =IF(D18=0,"",(C18/1000)/($B18^2*(D18-SIN(D18))/8)) | I18: =IF(D18=0,"",K_sss/G18) | J18: =IF(D18=0,"",100/I18) | K18: =$C$12 | L18: =Calc!AI18 | M18: =IF(L18=0,"",(1-COS(L18/2))/2) | N18: =IF(L18=0,"",($B18/4)*(1-SIN(L18)/L18)) | O18: =IF(L18=0,"",(K18/1000)/($B18^2*(L18-SIN(L18))/8)) | P18: =IF(L18=0,"",K_sc/N18) | Q18: =IF(A18<=150,IF($C$14>=35,0.7,IF($C$14>=28,0.8,IF($C$14>=18,0.9,IF($C$14>=12,1,IF($C$14>=7,1.1,IF($C$14>=2,1.2,IF($C$14>=1,1.25,""))))))),80/A18) | R18: =IF(A18<=150,IF(ISNUMBER(Q18),Q18,""),MAX(IF(ISNUMBER(I18),I18,0),IF(ISNUMBER(P18),P18,0),IF(ISNUMBER(Q18),Q18,0))) | S18: =IF(OR(R18="",R18<=0),"",100/R18) | T18: =IF(A18<=150,"DN150 Table IW.4",IF(OR(R18="",R18<=0),"no flow",IF(R18=Q18,"Absolute minimum (80/ID)",IF(AND(ISNUMBER(I18),R18=I18),"Slime control (Sss)","Self-cleansing (Ssc)")))) | U18: =IF(PDWF_L_s<=0,"",(PDWF_L_s/1000)/V_max) | V18: =Calc!AZ18 | W18: =IF(V18=0,"",(1-COS(V18/2))/2) | X18: =IF(V18=0,"",($B18/4)*(1-SIN(V18)/V18)) | Y18: =IF(V18=0,"",IF(U18>=PI()*$B18^2/4,"n/a - full",((V_max*n_Manning)/(X18^(2/3)))^2*100)) | Z18: =IF(ISNUMBER(Y18),100/Y18,"") | AA18: =IF(R18<=0,"",(1/n_Manning)*(PI()*$B18^2/4)*($B18/4)^(2/3)*SQRT(R18/100)*1000) | AB18: =IF(OR(PWWF_L_s<=0,R18<=0),"",PWWF_L_s/AA18) | AC18: =IF(OR(PWWF_L_s<=0,R18<=0),"",IF(AB18>=1,">1 (full)",(1-COS(Calc!BQ18/2))/2)) | AD18: =IF(OR(PWWF_L_s<=0,R18<=0),"",IF(AB18>=1,PWWF_L_s/1000/(PI()*$B18^2/4),(PWWF_L_s/1000)/($B18^2*(Calc!BQ18-SIN(Calc!BQ18))/8))) | AE18: =IF(OR(PDWF_L_s<=0,R18<=0),"",PDWF_L_s/AA18) | AF18: =IF(PDWF_L_s<=0,"enter flow",IF(OR(F18>0.95,M18>0.95),"Pipe too small for PDWF",IF(AND(ISNUMBER(Y18),Y18<R18),"Smax < Smin - pipe too large for flow",IF(PWWF_L_s<=0,"PWWF not set",IF(AB18>1,"SURCHARGED at Smin - size up or steepen","OK")))))
A19: 375 | B19: =A19/1000 | C19: =$C$11 | D19: =Calc!R19 | E19: =IF(D19=0,"",$B19/2*(1-COS(D19/2))*1000) | F19: =IF(D19=0,"",(1-COS(D19/2))/2) | G19: =IF(D19=0,"",($B19/4)*(1-SIN(D19)/D19)) | H19: =IF(D19=0,"",(C19/1000)/($B19^2*(D19-SIN(D19))/8)) | I19: =IF(D19=0,"",K_sss/G19) | J19: =IF(D19=0,"",100/I19) | K19: =$C$12 | L19: =Calc!AI19 | M19: =IF(L19=0,"",(1-COS(L19/2))/2) | N19: =IF(L19=0,"",($B19/4)*(1-SIN(L19)/L19)) | O19: =IF(L19=0,"",(K19/1000)/($B19^2*(L19-SIN(L19))/8)) | P19: =IF(L19=0,"",K_sc/N19) | Q19: =IF(A19<=150,IF($C$14>=35,0.7,IF($C$14>=28,0.8,IF($C$14>=18,0.9,IF($C$14>=12,1,IF($C$14>=7,1.1,IF($C$14>=2,1.2,IF($C$14>=1,1.25,""))))))),80/A19) | R19: =IF(A19<=150,IF(ISNUMBER(Q19),Q19,""),MAX(IF(ISNUMBER(I19),I19,0),IF(ISNUMBER(P19),P19,0),IF(ISNUMBER(Q19),Q19,0))) | S19: =IF(OR(R19="",R19<=0),"",100/R19) | T19: =IF(A19<=150,"DN150 Table IW.4",IF(OR(R19="",R19<=0),"no flow",IF(R19=Q19,"Absolute minimum (80/ID)",IF(AND(ISNUMBER(I19),R19=I19),"Slime control (Sss)","Self-cleansing (Ssc)")))) | U19: =IF(PDWF_L_s<=0,"",(PDWF_L_s/1000)/V_max) | V19: =Calc!AZ19 | W19: =IF(V19=0,"",(1-COS(V19/2))/2) | X19: =IF(V19=0,"",($B19/4)*(1-SIN(V19)/V19)) | Y19: =IF(V19=0,"",IF(U19>=PI()*$B19^2/4,"n/a - full",((V_max*n_Manning)/(X19^(2/3)))^2*100)) | Z19: =IF(ISNUMBER(Y19),100/Y19,"") | AA19: =IF(R19<=0,"",(1/n_Manning)*(PI()*$B19^2/4)*($B19/4)^(2/3)*SQRT(R19/100)*1000) | AB19: =IF(OR(PWWF_L_s<=0,R19<=0),"",PWWF_L_s/AA19) | AC19: =IF(OR(PWWF_L_s<=0,R19<=0),"",IF(AB19>=1,">1 (full)",(1-COS(Calc!BQ19/2))/2)) | AD19: =IF(OR(PWWF_L_s<=0,R19<=0),"",IF(AB19>=1,PWWF_L_s/1000/(PI()*$B19^2/4),(PWWF_L_s/1000)/($B19^2*(Calc!BQ19-SIN(Calc!BQ19))/8))) | AE19: =IF(OR(PDWF_L_s<=0,R19<=0),"",PDWF_L_s/AA19) | AF19: =IF(PDWF_L_s<=0,"enter flow",IF(OR(F19>0.95,M19>0.95),"Pipe too small for PDWF",IF(AND(ISNUMBER(Y19),Y19<R19),"Smax < Smin - pipe too large for flow",IF(PWWF_L_s<=0,"PWWF not set",IF(AB19>1,"SURCHARGED at Smin - size up or steepen","OK")))))
A20: 450 | B20: =A20/1000 | C20: =$C$11 | D20: =Calc!R20 | E20: =IF(D20=0,"",$B20/2*(1-COS(D20/2))*1000) | F20: =IF(D20=0,"",(1-COS(D20/2))/2) | G20: =IF(D20=0,"",($B20/4)*(1-SIN(D20)/D20)) | H20: =IF(D20=0,"",(C20/1000)/($B20^2*(D20-SIN(D20))/8)) | I20: =IF(D20=0,"",K_sss/G20) | J20: =IF(D20=0,"",100/I20) | K20: =$C$12 | L20: =Calc!AI20 | M20: =IF(L20=0,"",(1-COS(L20/2))/2) | N20: =IF(L20=0,"",($B20/4)*(1-SIN(L20)/L20)) | O20: =IF(L20=0,"",(K20/1000)/($B20^2*(L20-SIN(L20))/8)) | P20: =IF(L20=0,"",K_sc/N20) | Q20: =IF(A20<=150,IF($C$14>=35,0.7,IF($C$14>=28,0.8,IF($C$14>=18,0.9,IF($C$14>=12,1,IF($C$14>=7,1.1,IF($C$14>=2,1.2,IF($C$14>=1,1.25,""))))))),80/A20) | R20: =IF(A20<=150,IF(ISNUMBER(Q20),Q20,""),MAX(IF(ISNUMBER(I20),I20,0),IF(ISNUMBER(P20),P20,0),IF(ISNUMBER(Q20),Q20,0))) | S20: =IF(OR(R20="",R20<=0),"",100/R20) | T20: =IF(A20<=150,"DN150 Table IW.4",IF(OR(R20="",R20<=0),"no flow",IF(R20=Q20,"Absolute minimum (80/ID)",IF(AND(ISNUMBER(I20),R20=I20),"Slime control (Sss)","Self-cleansing (Ssc)")))) | U20: =IF(PDWF_L_s<=0,"",(PDWF_L_s/1000)/V_max) | V20: =Calc!AZ20 | W20: =IF(V20=0,"",(1-COS(V20/2))/2) | X20: =IF(V20=0,"",($B20/4)*(1-SIN(V20)/V20)) | Y20: =IF(V20=0,"",IF(U20>=PI()*$B20^2/4,"n/a - full",((V_max*n_Manning)/(X20^(2/3)))^2*100)) | Z20: =IF(ISNUMBER(Y20),100/Y20,"") | AA20: =IF(R20<=0,"",(1/n_Manning)*(PI()*$B20^2/4)*($B20/4)^(2/3)*SQRT(R20/100)*1000) | AB20: =IF(OR(PWWF_L_s<=0,R20<=0),"",PWWF_L_s/AA20) | AC20: =IF(OR(PWWF_L_s<=0,R20<=0),"",IF(AB20>=1,">1 (full)",(1-COS(Calc!BQ20/2))/2)) | AD20: =IF(OR(PWWF_L_s<=0,R20<=0),"",IF(AB20>=1,PWWF_L_s/1000/(PI()*$B20^2/4),(PWWF_L_s/1000)/($B20^2*(Calc!BQ20-SIN(Calc!BQ20))/8))) | AE20: =IF(OR(PDWF_L_s<=0,R20<=0),"",PDWF_L_s/AA20) | AF20: =IF(PDWF_L_s<=0,"enter flow",IF(OR(F20>0.95,M20>0.95),"Pipe too small for PDWF",IF(AND(ISNUMBER(Y20),Y20<R20),"Smax < Smin - pipe too large for flow",IF(PWWF_L_s<=0,"PWWF not set",IF(AB20>1,"SURCHARGED at Smin - size up or steepen","OK")))))
A21: 525 | B21: =A21/1000 | C21: =$C$11 | D21: =Calc!R21 | E21: =IF(D21=0,"",$B21/2*(1-COS(D21/2))*1000) | F21: =IF(D21=0,"",(1-COS(D21/2))/2) | G21: =IF(D21=0,"",($B21/4)*(1-SIN(D21)/D21)) | H21: =IF(D21=0,"",(C21/1000)/($B21^2*(D21-SIN(D21))/8)) | I21: =IF(D21=0,"",K_sss/G21) | J21: =IF(D21=0,"",100/I21) | K21: =$C$12 | L21: =Calc!AI21 | M21: =IF(L21=0,"",(1-COS(L21/2))/2) | N21: =IF(L21=0,"",($B21/4)*(1-SIN(L21)/L21)) | O21: =IF(L21=0,"",(K21/1000)/($B21^2*(L21-SIN(L21))/8)) | P21: =IF(L21=0,"",K_sc/N21) | Q21: =IF(A21<=150,IF($C$14>=35,0.7,IF($C$14>=28,0.8,IF($C$14>=18,0.9,IF($C$14>=12,1,IF($C$14>=7,1.1,IF($C$14>=2,1.2,IF($C$14>=1,1.25,""))))))),80/A21) | R21: =IF(A21<=150,IF(ISNUMBER(Q21),Q21,""),MAX(IF(ISNUMBER(I21),I21,0),IF(ISNUMBER(P21),P21,0),IF(ISNUMBER(Q21),Q21,0))) | S21: =IF(OR(R21="",R21<=0),"",100/R21) | T21: =IF(A21<=150,"DN150 Table IW.4",IF(OR(R21="",R21<=0),"no flow",IF(R21=Q21,"Absolute minimum (80/ID)",IF(AND(ISNUMBER(I21),R21=I21),"Slime control (Sss)","Self-cleansing (Ssc)")))) | U21: =IF(PDWF_L_s<=0,"",(PDWF_L_s/1000)/V_max) | V21: =Calc!AZ21 | W21: =IF(V21=0,"",(1-COS(V21/2))/2) | X21: =IF(V21=0,"",($B21/4)*(1-SIN(V21)/V21)) | Y21: =IF(V21=0,"",IF(U21>=PI()*$B21^2/4,"n/a - full",((V_max*n_Manning)/(X21^(2/3)))^2*100)) | Z21: =IF(ISNUMBER(Y21),100/Y21,"") | AA21: =IF(R21<=0,"",(1/n_Manning)*(PI()*$B21^2/4)*($B21/4)^(2/3)*SQRT(R21/100)*1000) | AB21: =IF(OR(PWWF_L_s<=0,R21<=0),"",PWWF_L_s/AA21) | AC21: =IF(OR(PWWF_L_s<=0,R21<=0),"",IF(AB21>=1,">1 (full)",(1-COS(Calc!BQ21/2))/2)) | AD21: =IF(OR(PWWF_L_s<=0,R21<=0),"",IF(AB21>=1,PWWF_L_s/1000/(PI()*$B21^2/4),(PWWF_L_s/1000)/($B21^2*(Calc!BQ21-SIN(Calc!BQ21))/8))) | AE21: =IF(OR(PDWF_L_s<=0,R21<=0),"",PDWF_L_s/AA21) | AF21: =IF(PDWF_L_s<=0,"enter flow",IF(OR(F21>0.95,M21>0.95),"Pipe too small for PDWF",IF(AND(ISNUMBER(Y21),Y21<R21),"Smax < Smin - pipe too large for flow",IF(PWWF_L_s<=0,"PWWF not set",IF(AB21>1,"SURCHARGED at Smin - size up or steepen","OK")))))
A22: 600 | B22: =A22/1000 | C22: =$C$11 | D22: =Calc!R22 | E22: =IF(D22=0,"",$B22/2*(1-COS(D22/2))*1000) | F22: =IF(D22=0,"",(1-COS(D22/2))/2) | G22: =IF(D22=0,"",($B22/4)*(1-SIN(D22)/D22)) | H22: =IF(D22=0,"",(C22/1000)/($B22^2*(D22-SIN(D22))/8)) | I22: =IF(D22=0,"",K_sss/G22) | J22: =IF(D22=0,"",100/I22) | K22: =$C$12 | L22: =Calc!AI22 | M22: =IF(L22=0,"",(1-COS(L22/2))/2) | N22: =IF(L22=0,"",($B22/4)*(1-SIN(L22)/L22)) | O22: =IF(L22=0,"",(K22/1000)/($B22^2*(L22-SIN(L22))/8)) | P22: =IF(L22=0,"",K_sc/N22) | Q22: =IF(A22<=150,IF($C$14>=35,0.7,IF($C$14>=28,0.8,IF($C$14>=18,0.9,IF($C$14>=12,1,IF($C$14>=7,1.1,IF($C$14>=2,1.2,IF($C$14>=1,1.25,""))))))),80/A22) | R22: =IF(A22<=150,IF(ISNUMBER(Q22),Q22,""),MAX(IF(ISNUMBER(I22),I22,0),IF(ISNUMBER(P22),P22,0),IF(ISNUMBER(Q22),Q22,0))) | S22: =IF(OR(R22="",R22<=0),"",100/R22) | T22: =IF(A22<=150,"DN150 Table IW.4",IF(OR(R22="",R22<=0),"no flow",IF(R22=Q22,"Absolute minimum (80/ID)",IF(AND(ISNUMBER(I22),R22=I22),"Slime control (Sss)","Self-cleansing (Ssc)")))) | U22: =IF(PDWF_L_s<=0,"",(PDWF_L_s/1000)/V_max) | V22: =Calc!AZ22 | W22: =IF(V22=0,"",(1-COS(V22/2))/2) | X22: =IF(V22=0,"",($B22/4)*(1-SIN(V22)/V22)) | Y22: =IF(V22=0,"",IF(U22>=PI()*$B22^2/4,"n/a - full",((V_max*n_Manning)/(X22^(2/3)))^2*100)) | Z22: =IF(ISNUMBER(Y22),100/Y22,"") | AA22: =IF(R22<=0,"",(1/n_Manning)*(PI()*$B22^2/4)*($B22/4)^(2/3)*SQRT(R22/100)*1000) | AB22: =IF(OR(PWWF_L_s<=0,R22<=0),"",PWWF_L_s/AA22) | AC22: =IF(OR(PWWF_L_s<=0,R22<=0),"",IF(AB22>=1,">1 (full)",(1-COS(Calc!BQ22/2))/2)) | AD22: =IF(OR(PWWF_L_s<=0,R22<=0),"",IF(AB22>=1,PWWF_L_s/1000/(PI()*$B22^2/4),(PWWF_L_s/1000)/($B22^2*(Calc!BQ22-SIN(Calc!BQ22))/8))) | AE22: =IF(OR(PDWF_L_s<=0,R22<=0),"",PDWF_L_s/AA22) | AF22: =IF(PDWF_L_s<=0,"enter flow",IF(OR(F22>0.95,M22>0.95),"Pipe too small for PDWF",IF(AND(ISNUMBER(Y22),Y22<R22),"Smax < Smin - pipe too large for flow",IF(PWWF_L_s<=0,"PWWF not set",IF(AB22>1,"SURCHARGED at Smin - size up or steepen","OK")))))
A23: 675 | B23: =A23/1000 | C23: =$C$11 | D23: =Calc!R23 | E23: =IF(D23=0,"",$B23/2*(1-COS(D23/2))*1000) | F23: =IF(D23=0,"",(1-COS(D23/2))/2) | G23: =IF(D23=0,"",($B23/4)*(1-SIN(D23)/D23)) | H23: =IF(D23=0,"",(C23/1000)/($B23^2*(D23-SIN(D23))/8)) | I23: =IF(D23=0,"",K_sss/G23) | J23: =IF(D23=0,"",100/I23) | K23: =$C$12 | L23: =Calc!AI23 | M23: =IF(L23=0,"",(1-COS(L23/2))/2) | N23: =IF(L23=0,"",($B23/4)*(1-SIN(L23)/L23)) | O23: =IF(L23=0,"",(K23/1000)/($B23^2*(L23-SIN(L23))/8)) | P23: =IF(L23=0,"",K_sc/N23) | Q23: =IF(A23<=150,IF($C$14>=35,0.7,IF($C$14>=28,0.8,IF($C$14>=18,0.9,IF($C$14>=12,1,IF($C$14>=7,1.1,IF($C$14>=2,1.2,IF($C$14>=1,1.25,""))))))),80/A23) | R23: =IF(A23<=150,IF(ISNUMBER(Q23),Q23,""),MAX(IF(ISNUMBER(I23),I23,0),IF(ISNUMBER(P23),P23,0),IF(ISNUMBER(Q23),Q23,0))) | S23: =IF(OR(R23="",R23<=0),"",100/R23) | T23: =IF(A23<=150,"DN150 Table IW.4",IF(OR(R23="",R23<=0),"no flow",IF(R23=Q23,"Absolute minimum (80/ID)",IF(AND(ISNUMBER(I23),R23=I23),"Slime control (Sss)","Self-cleansing (Ssc)")))) | U23: =IF(PDWF_L_s<=0,"",(PDWF_L_s/1000)/V_max) | V23: =Calc!AZ23 | W23: =IF(V23=0,"",(1-COS(V23/2))/2) | X23: =IF(V23=0,"",($B23/4)*(1-SIN(V23)/V23)) | Y23: =IF(V23=0,"",IF(U23>=PI()*$B23^2/4,"n/a - full",((V_max*n_Manning)/(X23^(2/3)))^2*100)) | Z23: =IF(ISNUMBER(Y23),100/Y23,"") | AA23: =IF(R23<=0,"",(1/n_Manning)*(PI()*$B23^2/4)*($B23/4)^(2/3)*SQRT(R23/100)*1000) | AB23: =IF(OR(PWWF_L_s<=0,R23<=0),"",PWWF_L_s/AA23) | AC23: =IF(OR(PWWF_L_s<=0,R23<=0),"",IF(AB23>=1,">1 (full)",(1-COS(Calc!BQ23/2))/2)) | AD23: =IF(OR(PWWF_L_s<=0,R23<=0),"",IF(AB23>=1,PWWF_L_s/1000/(PI()*$B23^2/4),(PWWF_L_s/1000)/($B23^2*(Calc!BQ23-SIN(Calc!BQ23))/8))) | AE23: =IF(OR(PDWF_L_s<=0,R23<=0),"",PDWF_L_s/AA23) | AF23: =IF(PDWF_L_s<=0,"enter flow",IF(OR(F23>0.95,M23>0.95),"Pipe too small for PDWF",IF(AND(ISNUMBER(Y23),Y23<R23),"Smax < Smin - pipe too large for flow",IF(PWWF_L_s<=0,"PWWF not set",IF(AB23>1,"SURCHARGED at Smin - size up or steepen","OK")))))
A24: 750 | B24: =A24/1000 | C24: =$C$11 | D24: =Calc!R24 | E24: =IF(D24=0,"",$B24/2*(1-COS(D24/2))*1000) | F24: =IF(D24=0,"",(1-COS(D24/2))/2) | G24: =IF(D24=0,"",($B24/4)*(1-SIN(D24)/D24)) | H24: =IF(D24=0,"",(C24/1000)/($B24^2*(D24-SIN(D24))/8)) | I24: =IF(D24=0,"",K_sss/G24) | J24: =IF(D24=0,"",100/I24) | K24: =$C$12 | L24: =Calc!AI24 | M24: =IF(L24=0,"",(1-COS(L24/2))/2) | N24: =IF(L24=0,"",($B24/4)*(1-SIN(L24)/L24)) | O24: =IF(L24=0,"",(K24/1000)/($B24^2*(L24-SIN(L24))/8)) | P24: =IF(L24=0,"",K_sc/N24) | Q24: =IF(A24<=150,IF($C$14>=35,0.7,IF($C$14>=28,0.8,IF($C$14>=18,0.9,IF($C$14>=12,1,IF($C$14>=7,1.1,IF($C$14>=2,1.2,IF($C$14>=1,1.25,""))))))),80/A24) | R24: =IF(A24<=150,IF(ISNUMBER(Q24),Q24,""),MAX(IF(ISNUMBER(I24),I24,0),IF(ISNUMBER(P24),P24,0),IF(ISNUMBER(Q24),Q24,0))) | S24: =IF(OR(R24="",R24<=0),"",100/R24) | T24: =IF(A24<=150,"DN150 Table IW.4",IF(OR(R24="",R24<=0),"no flow",IF(R24=Q24,"Absolute minimum (80/ID)",IF(AND(ISNUMBER(I24),R24=I24),"Slime control (Sss)","Self-cleansing (Ssc)")))) | U24: =IF(PDWF_L_s<=0,"",(PDWF_L_s/1000)/V_max) | V24: =Calc!AZ24 | W24: =IF(V24=0,"",(1-COS(V24/2))/2) | X24: =IF(V24=0,"",($B24/4)*(1-SIN(V24)/V24)) | Y24: =IF(V24=0,"",IF(U24>=PI()*$B24^2/4,"n/a - full",((V_max*n_Manning)/(X24^(2/3)))^2*100)) | Z24: =IF(ISNUMBER(Y24),100/Y24,"") | AA24: =IF(R24<=0,"",(1/n_Manning)*(PI()*$B24^2/4)*($B24/4)^(2/3)*SQRT(R24/100)*1000) | AB24: =IF(OR(PWWF_L_s<=0,R24<=0),"",PWWF_L_s/AA24) | AC24: =IF(OR(PWWF_L_s<=0,R24<=0),"",IF(AB24>=1,">1 (full)",(1-COS(Calc!BQ24/2))/2)) | AD24: =IF(OR(PWWF_L_s<=0,R24<=0),"",IF(AB24>=1,PWWF_L_s/1000/(PI()*$B24^2/4),(PWWF_L_s/1000)/($B24^2*(Calc!BQ24-SIN(Calc!BQ24))/8))) | AE24: =IF(OR(PDWF_L_s<=0,R24<=0),"",PDWF_L_s/AA24) | AF24: =IF(PDWF_L_s<=0,"enter flow",IF(OR(F24>0.95,M24>0.95),"Pipe too small for PDWF",IF(AND(ISNUMBER(Y24),Y24<R24),"Smax < Smin - pipe too large for flow",IF(PWWF_L_s<=0,"PWWF not set",IF(AB24>1,"SURCHARGED at Smin - size up or steepen","OK")))))
A25: 900 | B25: =A25/1000 | C25: =$C$11 | D25: =Calc!R25 | E25: =IF(D25=0,"",$B25/2*(1-COS(D25/2))*1000) | F25: =IF(D25=0,"",(1-COS(D25/2))/2) | G25: =IF(D25=0,"",($B25/4)*(1-SIN(D25)/D25)) | H25: =IF(D25=0,"",(C25/1000)/($B25^2*(D25-SIN(D25))/8)) | I25: =IF(D25=0,"",K_sss/G25) | J25: =IF(D25=0,"",100/I25) | K25: =$C$12 | L25: =Calc!AI25 | M25: =IF(L25=0,"",(1-COS(L25/2))/2) | N25: =IF(L25=0,"",($B25/4)*(1-SIN(L25)/L25)) | O25: =IF(L25=0,"",(K25/1000)/($B25^2*(L25-SIN(L25))/8)) | P25: =IF(L25=0,"",K_sc/N25) | Q25: =IF(A25<=150,IF($C$14>=35,0.7,IF($C$14>=28,0.8,IF($C$14>=18,0.9,IF($C$14>=12,1,IF($C$14>=7,1.1,IF($C$14>=2,1.2,IF($C$14>=1,1.25,""))))))),80/A25) | R25: =IF(A25<=150,IF(ISNUMBER(Q25),Q25,""),MAX(IF(ISNUMBER(I25),I25,0),IF(ISNUMBER(P25),P25,0),IF(ISNUMBER(Q25),Q25,0))) | S25: =IF(OR(R25="",R25<=0),"",100/R25) | T25: =IF(A25<=150,"DN150 Table IW.4",IF(OR(R25="",R25<=0),"no flow",IF(R25=Q25,"Absolute minimum (80/ID)",IF(AND(ISNUMBER(I25),R25=I25),"Slime control (Sss)","Self-cleansing (Ssc)")))) | U25: =IF(PDWF_L_s<=0,"",(PDWF_L_s/1000)/V_max) | V25: =Calc!AZ25 | W25: =IF(V25=0,"",(1-COS(V25/2))/2) | X25: =IF(V25=0,"",($B25/4)*(1-SIN(V25)/V25)) | Y25: =IF(V25=0,"",IF(U25>=PI()*$B25^2/4,"n/a - full",((V_max*n_Manning)/(X25^(2/3)))^2*100)) | Z25: =IF(ISNUMBER(Y25),100/Y25,"") | AA25: =IF(R25<=0,"",(1/n_Manning)*(PI()*$B25^2/4)*($B25/4)^(2/3)*SQRT(R25/100)*1000) | AB25: =IF(OR(PWWF_L_s<=0,R25<=0),"",PWWF_L_s/AA25) | AC25: =IF(OR(PWWF_L_s<=0,R25<=0),"",IF(AB25>=1,">1 (full)",(1-COS(Calc!BQ25/2))/2)) | AD25: =IF(OR(PWWF_L_s<=0,R25<=0),"",IF(AB25>=1,PWWF_L_s/1000/(PI()*$B25^2/4),(PWWF_L_s/1000)/($B25^2*(Calc!BQ25-SIN(Calc!BQ25))/8))) | AE25: =IF(OR(PDWF_L_s<=0,R25<=0),"",PDWF_L_s/AA25) | AF25: =IF(PDWF_L_s<=0,"enter flow",IF(OR(F25>0.95,M25>0.95),"Pipe too small for PDWF",IF(AND(ISNUMBER(Y25),Y25<R25),"Smax < Smin - pipe too large for flow",IF(PWWF_L_s<=0,"PWWF not set",IF(AB25>1,"SURCHARGED at Smin - size up or steepen","OK")))))
A27: Notes
A28: 1. Icon Water Eq IW.5.5.3.2 (Sss = 0.0338/Rp) is a tractive-force criterion. Substituting S = K/Rp into Manning removes S: Q = (1/n) sqrt(K/100) A Rp^(1/6). Sheet 'Calc' solves this for the part-full angle theta; Rp and S then follow directly. This replaces the Wolfram Alpha step of the original sheet.
A29: 2. Solve for: Grade uses the table. Flow uses Rp = K/grade, then Manning, so a known grade returns the Qdmp at which that grade is exactly Sss (and, beside it, Ssc). Diameter returns the smallest DN that meets the grade you can build. Assuming a depth instead, on Design Table, needs no iteration at all.
A30: 3. Both grades use the same flow Qdmp (Eq IW.5.5.3.3). Ssc = 0.0135/Rp and Sss = 0.0338/Rp (Eqs IW.5.5.3.1 and 3.2). Absolute minimum for DN>150 is 80/ID with ID in mm (Eq IW.5.5.3.4). DN150 uses Table IW.4 by number of houses, not those equations.
A31: 4. Capacity: the design flow (PWWF) should be carried without surcharge. y/D and PDWF/Qfull are reported so a stricter limit can be applied if Icon requires one.
A32: 5. This workbook is for Icon Water (ACT) only. NSW and most other states publish a grade table or a different test, so those numbers are not calculated here.

Sheet Calc
A1: Iteration engine (do not edit). Each block solves the central angle theta of the part-full circle: an asymptotic starting value followed by 14 Newton steps in log-space on f(theta) = A(theta) * R(theta)^m = T. The last column of each block feeds 'Grade Calculator'.
A2: Block 1: slime control (m = 1/6, T1 = Q75 n / sqrt(K_sss/100)) | Block 2: self-cleansing (m = 1/6, K_sc) | Block 3: wetted area for V_max (m = 0, T3 = PDWF/V_max) | Block 4: Manning normal depth at PWWF on the governing grade (m = 2/3, T4 = PWWF n / sqrt(S)). 14 steps give about 1e-6 or better up to y/D = 0.97; beyond that the pipe is reported as too small for the flow.
A15: DN | B15: D (m) | C15: T1 | D15: theta0 | E15: step 1 | F15: step 2 | G15: step 3 | H15: step 4 | I15: step 5 | J15: step 6 | K15: step 7 | L15: step 8 | M15: step 9 | N15: step 10 | O15: step 11 | P15: step 12 | Q15: step 13 | R15: step 14 | T15: T2 | U15: theta0 | V15: step 1 | W15: step 2 | X15: step 3 | Y15: step 4 | Z15: step 5 | AA15: step 6 | AB15: step 7 | AC15: step 8 | AD15: step 9 | AE15: step 10 | AF15: step 11 | AG15: step 12 | AH15: step 13 | AI15: step 14 | AK15: A_target (Vmax) | AL15: theta0 | AM15: step 1 | AN15: step 2 | AO15: step 3 | AP15: step 4 | AQ15: step 5 | AR15: step 6 | AS15: step 7 | AT15: step 8 | AU15: step 9 | AV15: step 10 | AW15: step 11 | AX15: step 12 | AY15: step 13 | AZ15: step 14 | BB15: T4 | BC15: theta0 | BD15: step 1 | BE15: step 2 | BF15: step 3 | BG15: step 4 | BH15: step 5 | BI15: step 6 | BJ15: step 7 | BK15: step 8 | BL15: step 9 | BM15: step 10 | BN15: step 11 | BO15: step 12 | BP15: step 13 | BQ15: step 14
A16: ='Grade Calculator'!$A16 | B16: ='Grade Calculator'!$B16 | C16: =IF('Grade Calculator'!$C16<=0,0,('Grade Calculator'!$C16/1000)*n_Manning/SQRT(K_sss/100)) | D16: =IF($C16<=0,0,MIN(2*PI()-0.000001,MAX(0.000001,($C16*81.52230382/$B16^2.166666667)^(1/3.333333333)))) | E16: =IF($C16<=0,0,MIN(2*PI()-0.000001,MAX(0.000001,D16*($C16/(($B16^2*(D16-SIN(D16))/8)*(($B16/4)*(1-SIN(D16)/D16))^0.1666666667))^(1/MAX(((D16*(1-COS(D16))+0.1666666667*(SIN(D16)-D16*COS(D16)))/(D16-SIN(D16))),0.25))))) | F16: =IF($C16<=0,0,MIN(2*PI()-0.000001,MAX(0.000001,E16*($C16/(($B16^2*(E16-SIN(E16))/8)*(($B16/4)*(1-SIN(E16)/E16))^0.1666666667))^(1/MAX(((E16*(1-COS(E16))+0.1666666667*(SIN(E16)-E16*COS(E16)))/(E16-SIN(E16))),0.25))))) | G16: =IF($C16<=0,0,MIN(2*PI()-0.000001,MAX(0.000001,F16*($C16/(($B16^2*(F16-SIN(F16))/8)*(($B16/4)*(1-SIN(F16)/F16))^0.1666666667))^(1/MAX(((F16*(1-COS(F16))+0.1666666667*(SIN(F16)-F16*COS(F16)))/(F16-SIN(F16))),0.25))))) | H16: =IF($C16<=0,0,MIN(2*PI()-0.000001,MAX(0.000001,G16*($C16/(($B16^2*(G16-SIN(G16))/8)*(($B16/4)*(1-SIN(G16)/G16))^0.1666666667))^(1/MAX(((G16*(1-COS(G16))+0.1666666667*(SIN(G16)-G16*COS(G16)))/(G16-SIN(G16))),0.25))))) | I16: =IF($C16<=0,0,MIN(2*PI()-0.000001,MAX(0.000001,H16*($C16/(($B16^2*(H16-SIN(H16))/8)*(($B16/4)*(1-SIN(H16)/H16))^0.1666666667))^(1/MAX(((H16*(1-COS(H16))+0.1666666667*(SIN(H16)-H16*COS(H16)))/(H16-SIN(H16))),0.25))))) | J16: =IF($C16<=0,0,MIN(2*PI()-0.000001,MAX(0.000001,I16*($C16/(($B16^2*(I16-SIN(I16))/8)*(($B16/4)*(1-SIN(I16)/I16))^0.1666666667))^(1/MAX(((I16*(1-COS(I16))+0.1666666667*(SIN(I16)-I16*COS(I16)))/(I16-SIN(I16))),0.25))))) | K16: =IF($C16<=0,0,MIN(2*PI()-0.000001,MAX(0.000001,J16*($C16/(($B16^2*(J16-SIN(J16))/8)*(($B16/4)*(1-SIN(J16)/J16))^0.1666666667))^(1/MAX(((J16*(1-COS(J16))+0.1666666667*(SIN(J16)-J16*COS(J16)))/(J16-SIN(J16))),0.25))))) | L16: =IF($C16<=0,0,MIN(2*PI()-0.000001,MAX(0.000001,K16*($C16/(($B16^2*(K16-SIN(K16))/8)*(($B16/4)*(1-SIN(K16)/K16))^0.1666666667))^(1/MAX(((K16*(1-COS(K16))+0.1666666667*(SIN(K16)-K16*COS(K16)))/(K16-SIN(K16))),0.25))))) | ... R16: =IF($C16<=0,0,MIN(2*PI()-0.000001,MAX(0.000001,Q16*($C16/(($B16^2*(Q16-SIN(Q16))/8)*(($B16/4)*(1-SIN(Q16)/Q16))^0.1666666667))^(1/MAX(((Q16*(1-COS(Q16))+0.1666666667*(SIN(Q16)-Q16*COS(Q16)))/(Q16-SIN(Q16))),0.25))))) | T16: =IF('Grade Calculator'!$K16<=0,0,('Grade Calculator'!$K16/1000)*n_Manning/SQRT(K_sc/100)) | U16: =IF($T16<=0,0,MIN(2*PI()-0.000001,MAX(0.000001,($T16*81.52230382/$B16^2.166666667)^(1/3.333333333)))) | V16: =IF($T16<=0,0,MIN(2*PI()-0.000001,MAX(0.000001,U16*($T16/(($B16^2*(U16-SIN(U16))/8)*(($B16/4)*(1-SIN(U16)/U16))^0.1666666667))^(1/MAX(((U16*(1-COS(U16))+0.1666666667*(SIN(U16)-U16*COS(U16)))/(U16-SIN(U16))),0.25))))) | W16: =IF($T16<=0,0,MIN(2*PI()-0.000001,MAX(0.000001,V16*($T16/(($B16^2*(V16-SIN(V16))/8)*(($B16/4)*(1-SIN(V16)/V16))^0.1666666667))^(1/MAX(((V16*(1-COS(V16))+0.1666666667*(SIN(V16)-V16*COS(V16)))/(V16-SIN(V16))),0.25))))) | X16: =IF($T16<=0,0,MIN(2*PI()-0.000001,MAX(0.000001,W16*($T16/(($B16^2*(W16-SIN(W16))/8)*(($B16/4)*(1-SIN(W16)/W16))^0.1666666667))^(1/MAX(((W16*(1-COS(W16))+0.1666666667*(SIN(W16)-W16*COS(W16)))/(W16-SIN(W16))),0.25))))) | Y16: =IF($T16<=0,0,MIN(2*PI()-0.000001,MAX(0.000001,X16*($T16/(($B16^2*(X16-SIN(X16))/8)*(($B16/4)*(1-SIN(X16)/X16))^0.1666666667))^(1/MAX(((X16*(1-COS(X16))+0.1666666667*(SIN(X16)-X16*COS(X16)))/(X16-SIN(X16))),0.25))))) | Z16: =IF($T16<=0,0,MIN(2*PI()-0.000001,MAX(0.000001,Y16*($T16/(($B16^2*(Y16-SIN(Y16))/8)*(($B16/4)*(1-SIN(Y16)/Y16))^0.1666666667))^(1/MAX(((Y16*(1-COS(Y16))+0.1666666667*(SIN(Y16)-Y16*COS(Y16)))/(Y16-SIN(Y16))),0.25))))) | AA16: =IF($T16<=0,0,MIN(2*PI()-0.000001,MAX(0.000001,Z16*($T16/(($B16^2*(Z16-SIN(Z16))/8)*(($B16/4)*(1-SIN(Z16)/Z16))^0.1666666667))^(1/MAX(((Z16*(1-COS(Z16))+0.1666666667*(SIN(Z16)-Z16*COS(Z16)))/(Z16-SIN(Z16))),0.25))))) | AB16: =IF($T16<=0,0,MIN(2*PI()-0.000001,MAX(0.000001,AA16*($T16/(($B16^2*(AA16-SIN(AA16))/8)*(($B16/4)*(1-SIN(AA16)/AA16))^0.1666666667))^(1/MAX(((AA16*(1-COS(AA16))+0.1666666667*(SIN(AA16)-AA16*COS(AA16)))/(AA16-SIN(AA16))),0.25))))) | AC16: =IF($T16<=0,0,MIN(2*PI()-0.000001,MAX(0.000001,AB16*($T16/(($B16^2*(AB16-SIN(AB16))/8)*(($B16/4)*(1-SIN(AB16)/AB16))^0.1666666667))^(1/MAX(((AB16*(1-COS(AB16))+0.1666666667*(SIN(AB16)-AB16*COS(AB16)))/(AB16-SIN(AB16))),0.25))))) | ... AI16: =IF($T16<=0,0,MIN(2*PI()-0.000001,MAX(0.000001,AH16*($T16/(($B16^2*(AH16-SIN(AH16))/8)*(($B16/4)*(1-SIN(AH16)/AH16))^0.1666666667))^(1/MAX(((AH16*(1-COS(AH16))+0.1666666667*(SIN(AH16)-AH16*COS(AH16)))/(AH16-SIN(AH16))),0.25))))) | AK16: =IF(PDWF_L_s<=0,0,(PDWF_L_s/1000)/V_max) | AL16: =IF($AK16<=0,0,MIN(2*PI()-0.000001,MAX(0.000001,($AK16*48/$B16^2)^(1/3)))) | AM16: =IF($AK16<=0,0,MIN(2*PI()-0.000001,MAX(0.000001,AL16*($AK16/($B16^2*(AL16-SIN(AL16))/8))^(1/MAX((AL16*(1-COS(AL16))/(AL16-SIN(AL16))),0.25))))) | AN16: =IF($AK16<=0,0,MIN(2*PI()-0.000001,MAX(0.000001,AM16*($AK16/($B16^2*(AM16-SIN(AM16))/8))^(1/MAX((AM16*(1-COS(AM16))/(AM16-SIN(AM16))),0.25))))) | AO16: =IF($AK16<=0,0,MIN(2*PI()-0.000001,MAX(0.000001,AN16*($AK16/($B16^2*(AN16-SIN(AN16))/8))^(1/MAX((AN16*(1-COS(AN16))/(AN16-SIN(AN16))),0.25))))) | AP16: =IF($AK16<=0,0,MIN(2*PI()-0.000001,MAX(0.000001,AO16*($AK16/($B16^2*(AO16-SIN(AO16))/8))^(1/MAX((AO16*(1-COS(AO16))/(AO16-SIN(AO16))),0.25))))) | AQ16: =IF($AK16<=0,0,MIN(2*PI()-0.000001,MAX(0.000001,AP16*($AK16/($B16^2*(AP16-SIN(AP16))/8))^(1/MAX((AP16*(1-COS(AP16))/(AP16-SIN(AP16))),0.25))))) | AR16: =IF($AK16<=0,0,MIN(2*PI()-0.000001,MAX(0.000001,AQ16*($AK16/($B16^2*(AQ16-SIN(AQ16))/8))^(1/MAX((AQ16*(1-COS(AQ16))/(AQ16-SIN(AQ16))),0.25))))) | AS16: =IF($AK16<=0,0,MIN(2*PI()-0.000001,MAX(0.000001,AR16*($AK16/($B16^2*(AR16-SIN(AR16))/8))^(1/MAX((AR16*(1-COS(AR16))/(AR16-SIN(AR16))),0.25))))) | AT16: =IF($AK16<=0,0,MIN(2*PI()-0.000001,MAX(0.000001,AS16*($AK16/($B16^2*(AS16-SIN(AS16))/8))^(1/MAX((AS16*(1-COS(AS16))/(AS16-SIN(AS16))),0.25))))) | ... AZ16: =IF($AK16<=0,0,MIN(2*PI()-0.000001,MAX(0.000001,AY16*($AK16/($B16^2*(AY16-SIN(AY16))/8))^(1/MAX((AY16*(1-COS(AY16))/(AY16-SIN(AY16))),0.25))))) | BB16: =IF(OR(PWWF_L_s<=0,'Grade Calculator'!$R16<=0),0,(PWWF_L_s/1000)*n_Manning/SQRT('Grade Calculator'!$R16/100)) | BC16: =IF($BB16<=0,0,MIN(2*PI()-0.000001,MAX(0.000001,($BB16*399.376094/$B16^2.666666667)^(1/4.333333333)))) | BD16: =IF($BB16<=0,0,MIN(2*PI()-0.000001,MAX(0.000001,BC16*($BB16/(($B16^2*(BC16-SIN(BC16))/8)*(($B16/4)*(1-SIN(BC16)/BC16))^0.6666666667))^(1/MAX(((BC16*(1-COS(BC16))+0.6666666667*(SIN(BC16)-BC16*COS(BC16)))/(BC16-SIN(BC16))),0.25))))) | BE16: =IF($BB16<=0,0,MIN(2*PI()-0.000001,MAX(0.000001,BD16*($BB16/(($B16^2*(BD16-SIN(BD16))/8)*(($B16/4)*(1-SIN(BD16)/BD16))^0.6666666667))^(1/MAX(((BD16*(1-COS(BD16))+0.6666666667*(SIN(BD16)-BD16*COS(BD16)))/(BD16-SIN(BD16))),0.25))))) | BF16: =IF($BB16<=0,0,MIN(2*PI()-0.000001,MAX(0.000001,BE16*($BB16/(($B16^2*(BE16-SIN(BE16))/8)*(($B16/4)*(1-SIN(BE16)/BE16))^0.6666666667))^(1/MAX(((BE16*(1-COS(BE16))+0.6666666667*(SIN(BE16)-BE16*COS(BE16)))/(BE16-SIN(BE16))),0.25))))) | BG16: =IF($BB16<=0,0,MIN(2*PI()-0.000001,MAX(0.000001,BF16*($BB16/(($B16^2*(BF16-SIN(BF16))/8)*(($B16/4)*(1-SIN(BF16)/BF16))^0.6666666667))^(1/MAX(((BF16*(1-COS(BF16))+0.6666666667*(SIN(BF16)-BF16*COS(BF16)))/(BF16-SIN(BF16))),0.25))))) | BH16: =IF($BB16<=0,0,MIN(2*PI()-0.000001,MAX(0.000001,BG16*($BB16/(($B16^2*(BG16-SIN(BG16))/8)*(($B16/4)*(1-SIN(BG16)/BG16))^0.6666666667))^(1/MAX(((BG16*(1-COS(BG16))+0.6666666667*(SIN(BG16)-BG16*COS(BG16)))/(BG16-SIN(BG16))),0.25))))) | BI16: =IF($BB16<=0,0,MIN(2*PI()-0.000001,MAX(0.000001,BH16*($BB16/(($B16^2*(BH16-SIN(BH16))/8)*(($B16/4)*(1-SIN(BH16)/BH16))^0.6666666667))^(1/MAX(((BH16*(1-COS(BH16))+0.6666666667*(SIN(BH16)-BH16*COS(BH16)))/(BH16-SIN(BH16))),0.25))))) | BJ16: =IF($BB16<=0,0,MIN(2*PI()-0.000001,MAX(0.000001,BI16*($BB16/(($B16^2*(BI16-SIN(BI16))/8)*(($B16/4)*(1-SIN(BI16)/BI16))^0.6666666667))^(1/MAX(((BI16*(1-COS(BI16))+0.6666666667*(SIN(BI16)-BI16*COS(BI16)))/(BI16-SIN(BI16))),0.25))))) | BK16: =IF($BB16<=0,0,MIN(2*PI()-0.000001,MAX(0.000001,BJ16*($BB16/(($B16^2*(BJ16-SIN(BJ16))/8)*(($B16/4)*(1-SIN(BJ16)/BJ16))^0.6666666667))^(1/MAX(((BJ16*(1-COS(BJ16))+0.6666666667*(SIN(BJ16)-BJ16*COS(BJ16)))/(BJ16-SIN(BJ16))),0.25))))) | ... BQ16: =IF($BB16<=0,0,MIN(2*PI()-0.000001,MAX(0.000001,BP16*($BB16/(($B16^2*(BP16-SIN(BP16))/8)*(($B16/4)*(1-SIN(BP16)/BP16))^0.6666666667))^(1/MAX(((BP16*(1-COS(BP16))+0.6666666667*(SIN(BP16)-BP16*COS(BP16)))/(BP16-SIN(BP16))),0.25)))))
A17: ='Grade Calculator'!$A17 | B17: ='Grade Calculator'!$B17 | C17: =IF('Grade Calculator'!$C17<=0,0,('Grade Calculator'!$C17/1000)*n_Manning/SQRT(K_sss/100)) | D17: =IF($C17<=0,0,MIN(2*PI()-0.000001,MAX(0.000001,($C17*81.52230382/$B17^2.166666667)^(1/3.333333333)))) | E17: =IF($C17<=0,0,MIN(2*PI()-0.000001,MAX(0.000001,D17*($C17/(($B17^2*(D17-SIN(D17))/8)*(($B17/4)*(1-SIN(D17)/D17))^0.1666666667))^(1/MAX(((D17*(1-COS(D17))+0.1666666667*(SIN(D17)-D17*COS(D17)))/(D17-SIN(D17))),0.25))))) | F17: =IF($C17<=0,0,MIN(2*PI()-0.000001,MAX(0.000001,E17*($C17/(($B17^2*(E17-SIN(E17))/8)*(($B17/4)*(1-SIN(E17)/E17))^0.1666666667))^(1/MAX(((E17*(1-COS(E17))+0.1666666667*(SIN(E17)-E17*COS(E17)))/(E17-SIN(E17))),0.25))))) | G17: =IF($C17<=0,0,MIN(2*PI()-0.000001,MAX(0.000001,F17*($C17/(($B17^2*(F17-SIN(F17))/8)*(($B17/4)*(1-SIN(F17)/F17))^0.1666666667))^(1/MAX(((F17*(1-COS(F17))+0.1666666667*(SIN(F17)-F17*COS(F17)))/(F17-SIN(F17))),0.25))))) | H17: =IF($C17<=0,0,MIN(2*PI()-0.000001,MAX(0.000001,G17*($C17/(($B17^2*(G17-SIN(G17))/8)*(($B17/4)*(1-SIN(G17)/G17))^0.1666666667))^(1/MAX(((G17*(1-COS(G17))+0.1666666667*(SIN(G17)-G17*COS(G17)))/(G17-SIN(G17))),0.25))))) | I17: =IF($C17<=0,0,MIN(2*PI()-0.000001,MAX(0.000001,H17*($C17/(($B17^2*(H17-SIN(H17))/8)*(($B17/4)*(1-SIN(H17)/H17))^0.1666666667))^(1/MAX(((H17*(1-COS(H17))+0.1666666667*(SIN(H17)-H17*COS(H17)))/(H17-SIN(H17))),0.25))))) | J17: =IF($C17<=0,0,MIN(2*PI()-0.000001,MAX(0.000001,I17*($C17/(($B17^2*(I17-SIN(I17))/8)*(($B17/4)*(1-SIN(I17)/I17))^0.1666666667))^(1/MAX(((I17*(1-COS(I17))+0.1666666667*(SIN(I17)-I17*COS(I17)))/(I17-SIN(I17))),0.25))))) | K17: =IF($C17<=0,0,MIN(2*PI()-0.000001,MAX(0.000001,J17*($C17/(($B17^2*(J17-SIN(J17))/8)*(($B17/4)*(1-SIN(J17)/J17))^0.1666666667))^(1/MAX(((J17*(1-COS(J17))+0.1666666667*(SIN(J17)-J17*COS(J17)))/(J17-SIN(J17))),0.25))))) | L17: =IF($C17<=0,0,MIN(2*PI()-0.000001,MAX(0.000001,K17*($C17/(($B17^2*(K17-SIN(K17))/8)*(($B17/4)*(1-SIN(K17)/K17))^0.1666666667))^(1/MAX(((K17*(1-COS(K17))+0.1666666667*(SIN(K17)-K17*COS(K17)))/(K17-SIN(K17))),0.25))))) | ... R17: =IF($C17<=0,0,MIN(2*PI()-0.000001,MAX(0.000001,Q17*($C17/(($B17^2*(Q17-SIN(Q17))/8)*(($B17/4)*(1-SIN(Q17)/Q17))^0.1666666667))^(1/MAX(((Q17*(1-COS(Q17))+0.1666666667*(SIN(Q17)-Q17*COS(Q17)))/(Q17-SIN(Q17))),0.25))))) | T17: =IF('Grade Calculator'!$K17<=0,0,('Grade Calculator'!$K17/1000)*n_Manning/SQRT(K_sc/100)) | U17: =IF($T17<=0,0,MIN(2*PI()-0.000001,MAX(0.000001,($T17*81.52230382/$B17^2.166666667)^(1/3.333333333)))) | V17: =IF($T17<=0,0,MIN(2*PI()-0.000001,MAX(0.000001,U17*($T17/(($B17^2*(U17-SIN(U17))/8)*(($B17/4)*(1-SIN(U17)/U17))^0.1666666667))^(1/MAX(((U17*(1-COS(U17))+0.1666666667*(SIN(U17)-U17*COS(U17)))/(U17-SIN(U17))),0.25))))) | W17: =IF($T17<=0,0,MIN(2*PI()-0.000001,MAX(0.000001,V17*($T17/(($B17^2*(V17-SIN(V17))/8)*(($B17/4)*(1-SIN(V17)/V17))^0.1666666667))^(1/MAX(((V17*(1-COS(V17))+0.1666666667*(SIN(V17)-V17*COS(V17)))/(V17-SIN(V17))),0.25))))) | X17: =IF($T17<=0,0,MIN(2*PI()-0.000001,MAX(0.000001,W17*($T17/(($B17^2*(W17-SIN(W17))/8)*(($B17/4)*(1-SIN(W17)/W17))^0.1666666667))^(1/MAX(((W17*(1-COS(W17))+0.1666666667*(SIN(W17)-W17*COS(W17)))/(W17-SIN(W17))),0.25))))) | Y17: =IF($T17<=0,0,MIN(2*PI()-0.000001,MAX(0.000001,X17*($T17/(($B17^2*(X17-SIN(X17))/8)*(($B17/4)*(1-SIN(X17)/X17))^0.1666666667))^(1/MAX(((X17*(1-COS(X17))+0.1666666667*(SIN(X17)-X17*COS(X17)))/(X17-SIN(X17))),0.25))))) | Z17: =IF($T17<=0,0,MIN(2*PI()-0.000001,MAX(0.000001,Y17*($T17/(($B17^2*(Y17-SIN(Y17))/8)*(($B17/4)*(1-SIN(Y17)/Y17))^0.1666666667))^(1/MAX(((Y17*(1-COS(Y17))+0.1666666667*(SIN(Y17)-Y17*COS(Y17)))/(Y17-SIN(Y17))),0.25))))) | AA17: =IF($T17<=0,0,MIN(2*PI()-0.000001,MAX(0.000001,Z17*($T17/(($B17^2*(Z17-SIN(Z17))/8)*(($B17/4)*(1-SIN(Z17)/Z17))^0.1666666667))^(1/MAX(((Z17*(1-COS(Z17))+0.1666666667*(SIN(Z17)-Z17*COS(Z17)))/(Z17-SIN(Z17))),0.25))))) | AB17: =IF($T17<=0,0,MIN(2*PI()-0.000001,MAX(0.000001,AA17*($T17/(($B17^2*(AA17-SIN(AA17))/8)*(($B17/4)*(1-SIN(AA17)/AA17))^0.1666666667))^(1/MAX(((AA17*(1-COS(AA17))+0.1666666667*(SIN(AA17)-AA17*COS(AA17)))/(AA17-SIN(AA17))),0.25))))) | AC17: =IF($T17<=0,0,MIN(2*PI()-0.000001,MAX(0.000001,AB17*($T17/(($B17^2*(AB17-SIN(AB17))/8)*(($B17/4)*(1-SIN(AB17)/AB17))^0.1666666667))^(1/MAX(((AB17*(1-COS(AB17))+0.1666666667*(SIN(AB17)-AB17*COS(AB17)))/(AB17-SIN(AB17))),0.25))))) | ... AI17: =IF($T17<=0,0,MIN(2*PI()-0.000001,MAX(0.000001,AH17*($T17/(($B17^2*(AH17-SIN(AH17))/8)*(($B17/4)*(1-SIN(AH17)/AH17))^0.1666666667))^(1/MAX(((AH17*(1-COS(AH17))+0.1666666667*(SIN(AH17)-AH17*COS(AH17)))/(AH17-SIN(AH17))),0.25))))) | AK17: =IF(PDWF_L_s<=0,0,(PDWF_L_s/1000)/V_max) | AL17: =IF($AK17<=0,0,MIN(2*PI()-0.000001,MAX(0.000001,($AK17*48/$B17^2)^(1/3)))) | AM17: =IF($AK17<=0,0,MIN(2*PI()-0.000001,MAX(0.000001,AL17*($AK17/($B17^2*(AL17-SIN(AL17))/8))^(1/MAX((AL17*(1-COS(AL17))/(AL17-SIN(AL17))),0.25))))) | AN17: =IF($AK17<=0,0,MIN(2*PI()-0.000001,MAX(0.000001,AM17*($AK17/($B17^2*(AM17-SIN(AM17))/8))^(1/MAX((AM17*(1-COS(AM17))/(AM17-SIN(AM17))),0.25))))) | AO17: =IF($AK17<=0,0,MIN(2*PI()-0.000001,MAX(0.000001,AN17*($AK17/($B17^2*(AN17-SIN(AN17))/8))^(1/MAX((AN17*(1-COS(AN17))/(AN17-SIN(AN17))),0.25))))) | AP17: =IF($AK17<=0,0,MIN(2*PI()-0.000001,MAX(0.000001,AO17*($AK17/($B17^2*(AO17-SIN(AO17))/8))^(1/MAX((AO17*(1-COS(AO17))/(AO17-SIN(AO17))),0.25))))) | AQ17: =IF($AK17<=0,0,MIN(2*PI()-0.000001,MAX(0.000001,AP17*($AK17/($B17^2*(AP17-SIN(AP17))/8))^(1/MAX((AP17*(1-COS(AP17))/(AP17-SIN(AP17))),0.25))))) | AR17: =IF($AK17<=0,0,MIN(2*PI()-0.000001,MAX(0.000001,AQ17*($AK17/($B17^2*(AQ17-SIN(AQ17))/8))^(1/MAX((AQ17*(1-COS(AQ17))/(AQ17-SIN(AQ17))),0.25))))) | AS17: =IF($AK17<=0,0,MIN(2*PI()-0.000001,MAX(0.000001,AR17*($AK17/($B17^2*(AR17-SIN(AR17))/8))^(1/MAX((AR17*(1-COS(AR17))/(AR17-SIN(AR17))),0.25))))) | AT17: =IF($AK17<=0,0,MIN(2*PI()-0.000001,MAX(0.000001,AS17*($AK17/($B17^2*(AS17-SIN(AS17))/8))^(1/MAX((AS17*(1-COS(AS17))/(AS17-SIN(AS17))),0.25))))) | ... AZ17: =IF($AK17<=0,0,MIN(2*PI()-0.000001,MAX(0.000001,AY17*($AK17/($B17^2*(AY17-SIN(AY17))/8))^(1/MAX((AY17*(1-COS(AY17))/(AY17-SIN(AY17))),0.25))))) | BB17: =IF(OR(PWWF_L_s<=0,'Grade Calculator'!$R17<=0),0,(PWWF_L_s/1000)*n_Manning/SQRT('Grade Calculator'!$R17/100)) | BC17: =IF($BB17<=0,0,MIN(2*PI()-0.000001,MAX(0.000001,($BB17*399.376094/$B17^2.666666667)^(1/4.333333333)))) | BD17: =IF($BB17<=0,0,MIN(2*PI()-0.000001,MAX(0.000001,BC17*($BB17/(($B17^2*(BC17-SIN(BC17))/8)*(($B17/4)*(1-SIN(BC17)/BC17))^0.6666666667))^(1/MAX(((BC17*(1-COS(BC17))+0.6666666667*(SIN(BC17)-BC17*COS(BC17)))/(BC17-SIN(BC17))),0.25))))) | BE17: =IF($BB17<=0,0,MIN(2*PI()-0.000001,MAX(0.000001,BD17*($BB17/(($B17^2*(BD17-SIN(BD17))/8)*(($B17/4)*(1-SIN(BD17)/BD17))^0.6666666667))^(1/MAX(((BD17*(1-COS(BD17))+0.6666666667*(SIN(BD17)-BD17*COS(BD17)))/(BD17-SIN(BD17))),0.25))))) | BF17: =IF($BB17<=0,0,MIN(2*PI()-0.000001,MAX(0.000001,BE17*($BB17/(($B17^2*(BE17-SIN(BE17))/8)*(($B17/4)*(1-SIN(BE17)/BE17))^0.6666666667))^(1/MAX(((BE17*(1-COS(BE17))+0.6666666667*(SIN(BE17)-BE17*COS(BE17)))/(BE17-SIN(BE17))),0.25))))) | BG17: =IF($BB17<=0,0,MIN(2*PI()-0.000001,MAX(0.000001,BF17*($BB17/(($B17^2*(BF17-SIN(BF17))/8)*(($B17/4)*(1-SIN(BF17)/BF17))^0.6666666667))^(1/MAX(((BF17*(1-COS(BF17))+0.6666666667*(SIN(BF17)-BF17*COS(BF17)))/(BF17-SIN(BF17))),0.25))))) | BH17: =IF($BB17<=0,0,MIN(2*PI()-0.000001,MAX(0.000001,BG17*($BB17/(($B17^2*(BG17-SIN(BG17))/8)*(($B17/4)*(1-SIN(BG17)/BG17))^0.6666666667))^(1/MAX(((BG17*(1-COS(BG17))+0.6666666667*(SIN(BG17)-BG17*COS(BG17)))/(BG17-SIN(BG17))),0.25))))) | BI17: =IF($BB17<=0,0,MIN(2*PI()-0.000001,MAX(0.000001,BH17*($BB17/(($B17^2*(BH17-SIN(BH17))/8)*(($B17/4)*(1-SIN(BH17)/BH17))^0.6666666667))^(1/MAX(((BH17*(1-COS(BH17))+0.6666666667*(SIN(BH17)-BH17*COS(BH17)))/(BH17-SIN(BH17))),0.25))))) | BJ17: =IF($BB17<=0,0,MIN(2*PI()-0.000001,MAX(0.000001,BI17*($BB17/(($B17^2*(BI17-SIN(BI17))/8)*(($B17/4)*(1-SIN(BI17)/BI17))^0.6666666667))^(1/MAX(((BI17*(1-COS(BI17))+0.6666666667*(SIN(BI17)-BI17*COS(BI17)))/(BI17-SIN(BI17))),0.25))))) | BK17: =IF($BB17<=0,0,MIN(2*PI()-0.000001,MAX(0.000001,BJ17*($BB17/(($B17^2*(BJ17-SIN(BJ17))/8)*(($B17/4)*(1-SIN(BJ17)/BJ17))^0.6666666667))^(1/MAX(((BJ17*(1-COS(BJ17))+0.6666666667*(SIN(BJ17)-BJ17*COS(BJ17)))/(BJ17-SIN(BJ17))),0.25))))) | ... BQ17: =IF($BB17<=0,0,MIN(2*PI()-0.000001,MAX(0.000001,BP17*($BB17/(($B17^2*(BP17-SIN(BP17))/8)*(($B17/4)*(1-SIN(BP17)/BP17))^0.6666666667))^(1/MAX(((BP17*(1-COS(BP17))+0.6666666667*(SIN(BP17)-BP17*COS(BP17)))/(BP17-SIN(BP17))),0.25)))))
A18: ='Grade Calculator'!$A18 | B18: ='Grade Calculator'!$B18 | C18: =IF('Grade Calculator'!$C18<=0,0,('Grade Calculator'!$C18/1000)*n_Manning/SQRT(K_sss/100)) | D18: =IF($C18<=0,0,MIN(2*PI()-0.000001,MAX(0.000001,($C18*81.52230382/$B18^2.166666667)^(1/3.333333333)))) | E18: =IF($C18<=0,0,MIN(2*PI()-0.000001,MAX(0.000001,D18*($C18/(($B18^2*(D18-SIN(D18))/8)*(($B18/4)*(1-SIN(D18)/D18))^0.1666666667))^(1/MAX(((D18*(1-COS(D18))+0.1666666667*(SIN(D18)-D18*COS(D18)))/(D18-SIN(D18))),0.25))))) | F18: =IF($C18<=0,0,MIN(2*PI()-0.000001,MAX(0.000001,E18*($C18/(($B18^2*(E18-SIN(E18))/8)*(($B18/4)*(1-SIN(E18)/E18))^0.1666666667))^(1/MAX(((E18*(1-COS(E18))+0.1666666667*(SIN(E18)-E18*COS(E18)))/(E18-SIN(E18))),0.25))))) | G18: =IF($C18<=0,0,MIN(2*PI()-0.000001,MAX(0.000001,F18*($C18/(($B18^2*(F18-SIN(F18))/8)*(($B18/4)*(1-SIN(F18)/F18))^0.1666666667))^(1/MAX(((F18*(1-COS(F18))+0.1666666667*(SIN(F18)-F18*COS(F18)))/(F18-SIN(F18))),0.25))))) | H18: =IF($C18<=0,0,MIN(2*PI()-0.000001,MAX(0.000001,G18*($C18/(($B18^2*(G18-SIN(G18))/8)*(($B18/4)*(1-SIN(G18)/G18))^0.1666666667))^(1/MAX(((G18*(1-COS(G18))+0.1666666667*(SIN(G18)-G18*COS(G18)))/(G18-SIN(G18))),0.25))))) | I18: =IF($C18<=0,0,MIN(2*PI()-0.000001,MAX(0.000001,H18*($C18/(($B18^2*(H18-SIN(H18))/8)*(($B18/4)*(1-SIN(H18)/H18))^0.1666666667))^(1/MAX(((H18*(1-COS(H18))+0.1666666667*(SIN(H18)-H18*COS(H18)))/(H18-SIN(H18))),0.25))))) | J18: =IF($C18<=0,0,MIN(2*PI()-0.000001,MAX(0.000001,I18*($C18/(($B18^2*(I18-SIN(I18))/8)*(($B18/4)*(1-SIN(I18)/I18))^0.1666666667))^(1/MAX(((I18*(1-COS(I18))+0.1666666667*(SIN(I18)-I18*COS(I18)))/(I18-SIN(I18))),0.25))))) | K18: =IF($C18<=0,0,MIN(2*PI()-0.000001,MAX(0.000001,J18*($C18/(($B18^2*(J18-SIN(J18))/8)*(($B18/4)*(1-SIN(J18)/J18))^0.1666666667))^(1/MAX(((J18*(1-COS(J18))+0.1666666667*(SIN(J18)-J18*COS(J18)))/(J18-SIN(J18))),0.25))))) | L18: =IF($C18<=0,0,MIN(2*PI()-0.000001,MAX(0.000001,K18*($C18/(($B18^2*(K18-SIN(K18))/8)*(($B18/4)*(1-SIN(K18)/K18))^0.1666666667))^(1/MAX(((K18*(1-COS(K18))+0.1666666667*(SIN(K18)-K18*COS(K18)))/(K18-SIN(K18))),0.25))))) | ... R18: =IF($C18<=0,0,MIN(2*PI()-0.000001,MAX(0.000001,Q18*($C18/(($B18^2*(Q18-SIN(Q18))/8)*(($B18/4)*(1-SIN(Q18)/Q18))^0.1666666667))^(1/MAX(((Q18*(1-COS(Q18))+0.1666666667*(SIN(Q18)-Q18*COS(Q18)))/(Q18-SIN(Q18))),0.25))))) | T18: =IF('Grade Calculator'!$K18<=0,0,('Grade Calculator'!$K18/1000)*n_Manning/SQRT(K_sc/100)) | U18: =IF($T18<=0,0,MIN(2*PI()-0.000001,MAX(0.000001,($T18*81.52230382/$B18^2.166666667)^(1/3.333333333)))) | V18: =IF($T18<=0,0,MIN(2*PI()-0.000001,MAX(0.000001,U18*($T18/(($B18^2*(U18-SIN(U18))/8)*(($B18/4)*(1-SIN(U18)/U18))^0.1666666667))^(1/MAX(((U18*(1-COS(U18))+0.1666666667*(SIN(U18)-U18*COS(U18)))/(U18-SIN(U18))),0.25))))) | W18: =IF($T18<=0,0,MIN(2*PI()-0.000001,MAX(0.000001,V18*($T18/(($B18^2*(V18-SIN(V18))/8)*(($B18/4)*(1-SIN(V18)/V18))^0.1666666667))^(1/MAX(((V18*(1-COS(V18))+0.1666666667*(SIN(V18)-V18*COS(V18)))/(V18-SIN(V18))),0.25))))) | X18: =IF($T18<=0,0,MIN(2*PI()-0.000001,MAX(0.000001,W18*($T18/(($B18^2*(W18-SIN(W18))/8)*(($B18/4)*(1-SIN(W18)/W18))^0.1666666667))^(1/MAX(((W18*(1-COS(W18))+0.1666666667*(SIN(W18)-W18*COS(W18)))/(W18-SIN(W18))),0.25))))) | Y18: =IF($T18<=0,0,MIN(2*PI()-0.000001,MAX(0.000001,X18*($T18/(($B18^2*(X18-SIN(X18))/8)*(($B18/4)*(1-SIN(X18)/X18))^0.1666666667))^(1/MAX(((X18*(1-COS(X18))+0.1666666667*(SIN(X18)-X18*COS(X18)))/(X18-SIN(X18))),0.25))))) | Z18: =IF($T18<=0,0,MIN(2*PI()-0.000001,MAX(0.000001,Y18*($T18/(($B18^2*(Y18-SIN(Y18))/8)*(($B18/4)*(1-SIN(Y18)/Y18))^0.1666666667))^(1/MAX(((Y18*(1-COS(Y18))+0.1666666667*(SIN(Y18)-Y18*COS(Y18)))/(Y18-SIN(Y18))),0.25))))) | AA18: =IF($T18<=0,0,MIN(2*PI()-0.000001,MAX(0.000001,Z18*($T18/(($B18^2*(Z18-SIN(Z18))/8)*(($B18/4)*(1-SIN(Z18)/Z18))^0.1666666667))^(1/MAX(((Z18*(1-COS(Z18))+0.1666666667*(SIN(Z18)-Z18*COS(Z18)))/(Z18-SIN(Z18))),0.25))))) | AB18: =IF($T18<=0,0,MIN(2*PI()-0.000001,MAX(0.000001,AA18*($T18/(($B18^2*(AA18-SIN(AA18))/8)*(($B18/4)*(1-SIN(AA18)/AA18))^0.1666666667))^(1/MAX(((AA18*(1-COS(AA18))+0.1666666667*(SIN(AA18)-AA18*COS(AA18)))/(AA18-SIN(AA18))),0.25))))) | AC18: =IF($T18<=0,0,MIN(2*PI()-0.000001,MAX(0.000001,AB18*($T18/(($B18^2*(AB18-SIN(AB18))/8)*(($B18/4)*(1-SIN(AB18)/AB18))^0.1666666667))^(1/MAX(((AB18*(1-COS(AB18))+0.1666666667*(SIN(AB18)-AB18*COS(AB18)))/(AB18-SIN(AB18))),0.25))))) | ... AI18: =IF($T18<=0,0,MIN(2*PI()-0.000001,MAX(0.000001,AH18*($T18/(($B18^2*(AH18-SIN(AH18))/8)*(($B18/4)*(1-SIN(AH18)/AH18))^0.1666666667))^(1/MAX(((AH18*(1-COS(AH18))+0.1666666667*(SIN(AH18)-AH18*COS(AH18)))/(AH18-SIN(AH18))),0.25))))) | AK18: =IF(PDWF_L_s<=0,0,(PDWF_L_s/1000)/V_max) | AL18: =IF($AK18<=0,0,MIN(2*PI()-0.000001,MAX(0.000001,($AK18*48/$B18^2)^(1/3)))) | AM18: =IF($AK18<=0,0,MIN(2*PI()-0.000001,MAX(0.000001,AL18*($AK18/($B18^2*(AL18-SIN(AL18))/8))^(1/MAX((AL18*(1-COS(AL18))/(AL18-SIN(AL18))),0.25))))) | AN18: =IF($AK18<=0,0,MIN(2*PI()-0.000001,MAX(0.000001,AM18*($AK18/($B18^2*(AM18-SIN(AM18))/8))^(1/MAX((AM18*(1-COS(AM18))/(AM18-SIN(AM18))),0.25))))) | AO18: =IF($AK18<=0,0,MIN(2*PI()-0.000001,MAX(0.000001,AN18*($AK18/($B18^2*(AN18-SIN(AN18))/8))^(1/MAX((AN18*(1-COS(AN18))/(AN18-SIN(AN18))),0.25))))) | AP18: =IF($AK18<=0,0,MIN(2*PI()-0.000001,MAX(0.000001,AO18*($AK18/($B18^2*(AO18-SIN(AO18))/8))^(1/MAX((AO18*(1-COS(AO18))/(AO18-SIN(AO18))),0.25))))) | AQ18: =IF($AK18<=0,0,MIN(2*PI()-0.000001,MAX(0.000001,AP18*($AK18/($B18^2*(AP18-SIN(AP18))/8))^(1/MAX((AP18*(1-COS(AP18))/(AP18-SIN(AP18))),0.25))))) | AR18: =IF($AK18<=0,0,MIN(2*PI()-0.000001,MAX(0.000001,AQ18*($AK18/($B18^2*(AQ18-SIN(AQ18))/8))^(1/MAX((AQ18*(1-COS(AQ18))/(AQ18-SIN(AQ18))),0.25))))) | AS18: =IF($AK18<=0,0,MIN(2*PI()-0.000001,MAX(0.000001,AR18*($AK18/($B18^2*(AR18-SIN(AR18))/8))^(1/MAX((AR18*(1-COS(AR18))/(AR18-SIN(AR18))),0.25))))) | AT18: =IF($AK18<=0,0,MIN(2*PI()-0.000001,MAX(0.000001,AS18*($AK18/($B18^2*(AS18-SIN(AS18))/8))^(1/MAX((AS18*(1-COS(AS18))/(AS18-SIN(AS18))),0.25))))) | ... AZ18: =IF($AK18<=0,0,MIN(2*PI()-0.000001,MAX(0.000001,AY18*($AK18/($B18^2*(AY18-SIN(AY18))/8))^(1/MAX((AY18*(1-COS(AY18))/(AY18-SIN(AY18))),0.25))))) | BB18: =IF(OR(PWWF_L_s<=0,'Grade Calculator'!$R18<=0),0,(PWWF_L_s/1000)*n_Manning/SQRT('Grade Calculator'!$R18/100)) | BC18: =IF($BB18<=0,0,MIN(2*PI()-0.000001,MAX(0.000001,($BB18*399.376094/$B18^2.666666667)^(1/4.333333333)))) | BD18: =IF($BB18<=0,0,MIN(2*PI()-0.000001,MAX(0.000001,BC18*($BB18/(($B18^2*(BC18-SIN(BC18))/8)*(($B18/4)*(1-SIN(BC18)/BC18))^0.6666666667))^(1/MAX(((BC18*(1-COS(BC18))+0.6666666667*(SIN(BC18)-BC18*COS(BC18)))/(BC18-SIN(BC18))),0.25))))) | BE18: =IF($BB18<=0,0,MIN(2*PI()-0.000001,MAX(0.000001,BD18*($BB18/(($B18^2*(BD18-SIN(BD18))/8)*(($B18/4)*(1-SIN(BD18)/BD18))^0.6666666667))^(1/MAX(((BD18*(1-COS(BD18))+0.6666666667*(SIN(BD18)-BD18*COS(BD18)))/(BD18-SIN(BD18))),0.25))))) | BF18: =IF($BB18<=0,0,MIN(2*PI()-0.000001,MAX(0.000001,BE18*($BB18/(($B18^2*(BE18-SIN(BE18))/8)*(($B18/4)*(1-SIN(BE18)/BE18))^0.6666666667))^(1/MAX(((BE18*(1-COS(BE18))+0.6666666667*(SIN(BE18)-BE18*COS(BE18)))/(BE18-SIN(BE18))),0.25))))) | BG18: =IF($BB18<=0,0,MIN(2*PI()-0.000001,MAX(0.000001,BF18*($BB18/(($B18^2*(BF18-SIN(BF18))/8)*(($B18/4)*(1-SIN(BF18)/BF18))^0.6666666667))^(1/MAX(((BF18*(1-COS(BF18))+0.6666666667*(SIN(BF18)-BF18*COS(BF18)))/(BF18-SIN(BF18))),0.25))))) | BH18: =IF($BB18<=0,0,MIN(2*PI()-0.000001,MAX(0.000001,BG18*($BB18/(($B18^2*(BG18-SIN(BG18))/8)*(($B18/4)*(1-SIN(BG18)/BG18))^0.6666666667))^(1/MAX(((BG18*(1-COS(BG18))+0.6666666667*(SIN(BG18)-BG18*COS(BG18)))/(BG18-SIN(BG18))),0.25))))) | BI18: =IF($BB18<=0,0,MIN(2*PI()-0.000001,MAX(0.000001,BH18*($BB18/(($B18^2*(BH18-SIN(BH18))/8)*(($B18/4)*(1-SIN(BH18)/BH18))^0.6666666667))^(1/MAX(((BH18*(1-COS(BH18))+0.6666666667*(SIN(BH18)-BH18*COS(BH18)))/(BH18-SIN(BH18))),0.25))))) | BJ18: =IF($BB18<=0,0,MIN(2*PI()-0.000001,MAX(0.000001,BI18*($BB18/(($B18^2*(BI18-SIN(BI18))/8)*(($B18/4)*(1-SIN(BI18)/BI18))^0.6666666667))^(1/MAX(((BI18*(1-COS(BI18))+0.6666666667*(SIN(BI18)-BI18*COS(BI18)))/(BI18-SIN(BI18))),0.25))))) | BK18: =IF($BB18<=0,0,MIN(2*PI()-0.000001,MAX(0.000001,BJ18*($BB18/(($B18^2*(BJ18-SIN(BJ18))/8)*(($B18/4)*(1-SIN(BJ18)/BJ18))^0.6666666667))^(1/MAX(((BJ18*(1-COS(BJ18))+0.6666666667*(SIN(BJ18)-BJ18*COS(BJ18)))/(BJ18-SIN(BJ18))),0.25))))) | ... BQ18: =IF($BB18<=0,0,MIN(2*PI()-0.000001,MAX(0.000001,BP18*($BB18/(($B18^2*(BP18-SIN(BP18))/8)*(($B18/4)*(1-SIN(BP18)/BP18))^0.6666666667))^(1/MAX(((BP18*(1-COS(BP18))+0.6666666667*(SIN(BP18)-BP18*COS(BP18)))/(BP18-SIN(BP18))),0.25)))))
A19: ='Grade Calculator'!$A19 | B19: ='Grade Calculator'!$B19 | C19: =IF('Grade Calculator'!$C19<=0,0,('Grade Calculator'!$C19/1000)*n_Manning/SQRT(K_sss/100)) | D19: =IF($C19<=0,0,MIN(2*PI()-0.000001,MAX(0.000001,($C19*81.52230382/$B19^2.166666667)^(1/3.333333333)))) | E19: =IF($C19<=0,0,MIN(2*PI()-0.000001,MAX(0.000001,D19*($C19/(($B19^2*(D19-SIN(D19))/8)*(($B19/4)*(1-SIN(D19)/D19))^0.1666666667))^(1/MAX(((D19*(1-COS(D19))+0.1666666667*(SIN(D19)-D19*COS(D19)))/(D19-SIN(D19))),0.25))))) | F19: =IF($C19<=0,0,MIN(2*PI()-0.000001,MAX(0.000001,E19*($C19/(($B19^2*(E19-SIN(E19))/8)*(($B19/4)*(1-SIN(E19)/E19))^0.1666666667))^(1/MAX(((E19*(1-COS(E19))+0.1666666667*(SIN(E19)-E19*COS(E19)))/(E19-SIN(E19))),0.25))))) | G19: =IF($C19<=0,0,MIN(2*PI()-0.000001,MAX(0.000001,F19*($C19/(($B19^2*(F19-SIN(F19))/8)*(($B19/4)*(1-SIN(F19)/F19))^0.1666666667))^(1/MAX(((F19*(1-COS(F19))+0.1666666667*(SIN(F19)-F19*COS(F19)))/(F19-SIN(F19))),0.25))))) | H19: =IF($C19<=0,0,MIN(2*PI()-0.000001,MAX(0.000001,G19*($C19/(($B19^2*(G19-SIN(G19))/8)*(($B19/4)*(1-SIN(G19)/G19))^0.1666666667))^(1/MAX(((G19*(1-COS(G19))+0.1666666667*(SIN(G19)-G19*COS(G19)))/(G19-SIN(G19))),0.25))))) | I19: =IF($C19<=0,0,MIN(2*PI()-0.000001,MAX(0.000001,H19*($C19/(($B19^2*(H19-SIN(H19))/8)*(($B19/4)*(1-SIN(H19)/H19))^0.1666666667))^(1/MAX(((H19*(1-COS(H19))+0.1666666667*(SIN(H19)-H19*COS(H19)))/(H19-SIN(H19))),0.25))))) | J19: =IF($C19<=0,0,MIN(2*PI()-0.000001,MAX(0.000001,I19*($C19/(($B19^2*(I19-SIN(I19))/8)*(($B19/4)*(1-SIN(I19)/I19))^0.1666666667))^(1/MAX(((I19*(1-COS(I19))+0.1666666667*(SIN(I19)-I19*COS(I19)))/(I19-SIN(I19))),0.25))))) | K19: =IF($C19<=0,0,MIN(2*PI()-0.000001,MAX(0.000001,J19*($C19/(($B19^2*(J19-SIN(J19))/8)*(($B19/4)*(1-SIN(J19)/J19))^0.1666666667))^(1/MAX(((J19*(1-COS(J19))+0.1666666667*(SIN(J19)-J19*COS(J19)))/(J19-SIN(J19))),0.25))))) | L19: =IF($C19<=0,0,MIN(2*PI()-0.000001,MAX(0.000001,K19*($C19/(($B19^2*(K19-SIN(K19))/8)*(($B19/4)*(1-SIN(K19)/K19))^0.1666666667))^(1/MAX(((K19*(1-COS(K19))+0.1666666667*(SIN(K19)-K19*COS(K19)))/(K19-SIN(K19))),0.25))))) | ... R19: =IF($C19<=0,0,MIN(2*PI()-0.000001,MAX(0.000001,Q19*($C19/(($B19^2*(Q19-SIN(Q19))/8)*(($B19/4)*(1-SIN(Q19)/Q19))^0.1666666667))^(1/MAX(((Q19*(1-COS(Q19))+0.1666666667*(SIN(Q19)-Q19*COS(Q19)))/(Q19-SIN(Q19))),0.25))))) | T19: =IF('Grade Calculator'!$K19<=0,0,('Grade Calculator'!$K19/1000)*n_Manning/SQRT(K_sc/100)) | U19: =IF($T19<=0,0,MIN(2*PI()-0.000001,MAX(0.000001,($T19*81.52230382/$B19^2.166666667)^(1/3.333333333)))) | V19: =IF($T19<=0,0,MIN(2*PI()-0.000001,MAX(0.000001,U19*($T19/(($B19^2*(U19-SIN(U19))/8)*(($B19/4)*(1-SIN(U19)/U19))^0.1666666667))^(1/MAX(((U19*(1-COS(U19))+0.1666666667*(SIN(U19)-U19*COS(U19)))/(U19-SIN(U19))),0.25))))) | W19: =IF($T19<=0,0,MIN(2*PI()-0.000001,MAX(0.000001,V19*($T19/(($B19^2*(V19-SIN(V19))/8)*(($B19/4)*(1-SIN(V19)/V19))^0.1666666667))^(1/MAX(((V19*(1-COS(V19))+0.1666666667*(SIN(V19)-V19*COS(V19)))/(V19-SIN(V19))),0.25))))) | X19: =IF($T19<=0,0,MIN(2*PI()-0.000001,MAX(0.000001,W19*($T19/(($B19^2*(W19-SIN(W19))/8)*(($B19/4)*(1-SIN(W19)/W19))^0.1666666667))^(1/MAX(((W19*(1-COS(W19))+0.1666666667*(SIN(W19)-W19*COS(W19)))/(W19-SIN(W19))),0.25))))) | Y19: =IF($T19<=0,0,MIN(2*PI()-0.000001,MAX(0.000001,X19*($T19/(($B19^2*(X19-SIN(X19))/8)*(($B19/4)*(1-SIN(X19)/X19))^0.1666666667))^(1/MAX(((X19*(1-COS(X19))+0.1666666667*(SIN(X19)-X19*COS(X19)))/(X19-SIN(X19))),0.25))))) | Z19: =IF($T19<=0,0,MIN(2*PI()-0.000001,MAX(0.000001,Y19*($T19/(($B19^2*(Y19-SIN(Y19))/8)*(($B19/4)*(1-SIN(Y19)/Y19))^0.1666666667))^(1/MAX(((Y19*(1-COS(Y19))+0.1666666667*(SIN(Y19)-Y19*COS(Y19)))/(Y19-SIN(Y19))),0.25))))) | AA19: =IF($T19<=0,0,MIN(2*PI()-0.000001,MAX(0.000001,Z19*($T19/(($B19^2*(Z19-SIN(Z19))/8)*(($B19/4)*(1-SIN(Z19)/Z19))^0.1666666667))^(1/MAX(((Z19*(1-COS(Z19))+0.1666666667*(SIN(Z19)-Z19*COS(Z19)))/(Z19-SIN(Z19))),0.25))))) | AB19: =IF($T19<=0,0,MIN(2*PI()-0.000001,MAX(0.000001,AA19*($T19/(($B19^2*(AA19-SIN(AA19))/8)*(($B19/4)*(1-SIN(AA19)/AA19))^0.1666666667))^(1/MAX(((AA19*(1-COS(AA19))+0.1666666667*(SIN(AA19)-AA19*COS(AA19)))/(AA19-SIN(AA19))),0.25))))) | AC19: =IF($T19<=0,0,MIN(2*PI()-0.000001,MAX(0.000001,AB19*($T19/(($B19^2*(AB19-SIN(AB19))/8)*(($B19/4)*(1-SIN(AB19)/AB19))^0.1666666667))^(1/MAX(((AB19*(1-COS(AB19))+0.1666666667*(SIN(AB19)-AB19*COS(AB19)))/(AB19-SIN(AB19))),0.25))))) | ... AI19: =IF($T19<=0,0,MIN(2*PI()-0.000001,MAX(0.000001,AH19*($T19/(($B19^2*(AH19-SIN(AH19))/8)*(($B19/4)*(1-SIN(AH19)/AH19))^0.1666666667))^(1/MAX(((AH19*(1-COS(AH19))+0.1666666667*(SIN(AH19)-AH19*COS(AH19)))/(AH19-SIN(AH19))),0.25))))) | AK19: =IF(PDWF_L_s<=0,0,(PDWF_L_s/1000)/V_max) | AL19: =IF($AK19<=0,0,MIN(2*PI()-0.000001,MAX(0.000001,($AK19*48/$B19^2)^(1/3)))) | AM19: =IF($AK19<=0,0,MIN(2*PI()-0.000001,MAX(0.000001,AL19*($AK19/($B19^2*(AL19-SIN(AL19))/8))^(1/MAX((AL19*(1-COS(AL19))/(AL19-SIN(AL19))),0.25))))) | AN19: =IF($AK19<=0,0,MIN(2*PI()-0.000001,MAX(0.000001,AM19*($AK19/($B19^2*(AM19-SIN(AM19))/8))^(1/MAX((AM19*(1-COS(AM19))/(AM19-SIN(AM19))),0.25))))) | AO19: =IF($AK19<=0,0,MIN(2*PI()-0.000001,MAX(0.000001,AN19*($AK19/($B19^2*(AN19-SIN(AN19))/8))^(1/MAX((AN19*(1-COS(AN19))/(AN19-SIN(AN19))),0.25))))) | AP19: =IF($AK19<=0,0,MIN(2*PI()-0.000001,MAX(0.000001,AO19*($AK19/($B19^2*(AO19-SIN(AO19))/8))^(1/MAX((AO19*(1-COS(AO19))/(AO19-SIN(AO19))),0.25))))) | AQ19: =IF($AK19<=0,0,MIN(2*PI()-0.000001,MAX(0.000001,AP19*($AK19/($B19^2*(AP19-SIN(AP19))/8))^(1/MAX((AP19*(1-COS(AP19))/(AP19-SIN(AP19))),0.25))))) | AR19: =IF($AK19<=0,0,MIN(2*PI()-0.000001,MAX(0.000001,AQ19*($AK19/($B19^2*(AQ19-SIN(AQ19))/8))^(1/MAX((AQ19*(1-COS(AQ19))/(AQ19-SIN(AQ19))),0.25))))) | AS19: =IF($AK19<=0,0,MIN(2*PI()-0.000001,MAX(0.000001,AR19*($AK19/($B19^2*(AR19-SIN(AR19))/8))^(1/MAX((AR19*(1-COS(AR19))/(AR19-SIN(AR19))),0.25))))) | AT19: =IF($AK19<=0,0,MIN(2*PI()-0.000001,MAX(0.000001,AS19*($AK19/($B19^2*(AS19-SIN(AS19))/8))^(1/MAX((AS19*(1-COS(AS19))/(AS19-SIN(AS19))),0.25))))) | ... AZ19: =IF($AK19<=0,0,MIN(2*PI()-0.000001,MAX(0.000001,AY19*($AK19/($B19^2*(AY19-SIN(AY19))/8))^(1/MAX((AY19*(1-COS(AY19))/(AY19-SIN(AY19))),0.25))))) | BB19: =IF(OR(PWWF_L_s<=0,'Grade Calculator'!$R19<=0),0,(PWWF_L_s/1000)*n_Manning/SQRT('Grade Calculator'!$R19/100)) | BC19: =IF($BB19<=0,0,MIN(2*PI()-0.000001,MAX(0.000001,($BB19*399.376094/$B19^2.666666667)^(1/4.333333333)))) | BD19: =IF($BB19<=0,0,MIN(2*PI()-0.000001,MAX(0.000001,BC19*($BB19/(($B19^2*(BC19-SIN(BC19))/8)*(($B19/4)*(1-SIN(BC19)/BC19))^0.6666666667))^(1/MAX(((BC19*(1-COS(BC19))+0.6666666667*(SIN(BC19)-BC19*COS(BC19)))/(BC19-SIN(BC19))),0.25))))) | BE19: =IF($BB19<=0,0,MIN(2*PI()-0.000001,MAX(0.000001,BD19*($BB19/(($B19^2*(BD19-SIN(BD19))/8)*(($B19/4)*(1-SIN(BD19)/BD19))^0.6666666667))^(1/MAX(((BD19*(1-COS(BD19))+0.6666666667*(SIN(BD19)-BD19*COS(BD19)))/(BD19-SIN(BD19))),0.25))))) | BF19: =IF($BB19<=0,0,MIN(2*PI()-0.000001,MAX(0.000001,BE19*($BB19/(($B19^2*(BE19-SIN(BE19))/8)*(($B19/4)*(1-SIN(BE19)/BE19))^0.6666666667))^(1/MAX(((BE19*(1-COS(BE19))+0.6666666667*(SIN(BE19)-BE19*COS(BE19)))/(BE19-SIN(BE19))),0.25))))) | BG19: =IF($BB19<=0,0,MIN(2*PI()-0.000001,MAX(0.000001,BF19*($BB19/(($B19^2*(BF19-SIN(BF19))/8)*(($B19/4)*(1-SIN(BF19)/BF19))^0.6666666667))^(1/MAX(((BF19*(1-COS(BF19))+0.6666666667*(SIN(BF19)-BF19*COS(BF19)))/(BF19-SIN(BF19))),0.25))))) | BH19: =IF($BB19<=0,0,MIN(2*PI()-0.000001,MAX(0.000001,BG19*($BB19/(($B19^2*(BG19-SIN(BG19))/8)*(($B19/4)*(1-SIN(BG19)/BG19))^0.6666666667))^(1/MAX(((BG19*(1-COS(BG19))+0.6666666667*(SIN(BG19)-BG19*COS(BG19)))/(BG19-SIN(BG19))),0.25))))) | BI19: =IF($BB19<=0,0,MIN(2*PI()-0.000001,MAX(0.000001,BH19*($BB19/(($B19^2*(BH19-SIN(BH19))/8)*(($B19/4)*(1-SIN(BH19)/BH19))^0.6666666667))^(1/MAX(((BH19*(1-COS(BH19))+0.6666666667*(SIN(BH19)-BH19*COS(BH19)))/(BH19-SIN(BH19))),0.25))))) | BJ19: =IF($BB19<=0,0,MIN(2*PI()-0.000001,MAX(0.000001,BI19*($BB19/(($B19^2*(BI19-SIN(BI19))/8)*(($B19/4)*(1-SIN(BI19)/BI19))^0.6666666667))^(1/MAX(((BI19*(1-COS(BI19))+0.6666666667*(SIN(BI19)-BI19*COS(BI19)))/(BI19-SIN(BI19))),0.25))))) | BK19: =IF($BB19<=0,0,MIN(2*PI()-0.000001,MAX(0.000001,BJ19*($BB19/(($B19^2*(BJ19-SIN(BJ19))/8)*(($B19/4)*(1-SIN(BJ19)/BJ19))^0.6666666667))^(1/MAX(((BJ19*(1-COS(BJ19))+0.6666666667*(SIN(BJ19)-BJ19*COS(BJ19)))/(BJ19-SIN(BJ19))),0.25))))) | ... BQ19: =IF($BB19<=0,0,MIN(2*PI()-0.000001,MAX(0.000001,BP19*($BB19/(($B19^2*(BP19-SIN(BP19))/8)*(($B19/4)*(1-SIN(BP19)/BP19))^0.6666666667))^(1/MAX(((BP19*(1-COS(BP19))+0.6666666667*(SIN(BP19)-BP19*COS(BP19)))/(BP19-SIN(BP19))),0.25)))))
A20: ='Grade Calculator'!$A20 | B20: ='Grade Calculator'!$B20 | C20: =IF('Grade Calculator'!$C20<=0,0,('Grade Calculator'!$C20/1000)*n_Manning/SQRT(K_sss/100)) | D20: =IF($C20<=0,0,MIN(2*PI()-0.000001,MAX(0.000001,($C20*81.52230382/$B20^2.166666667)^(1/3.333333333)))) | E20: =IF($C20<=0,0,MIN(2*PI()-0.000001,MAX(0.000001,D20*($C20/(($B20^2*(D20-SIN(D20))/8)*(($B20/4)*(1-SIN(D20)/D20))^0.1666666667))^(1/MAX(((D20*(1-COS(D20))+0.1666666667*(SIN(D20)-D20*COS(D20)))/(D20-SIN(D20))),0.25))))) | F20: =IF($C20<=0,0,MIN(2*PI()-0.000001,MAX(0.000001,E20*($C20/(($B20^2*(E20-SIN(E20))/8)*(($B20/4)*(1-SIN(E20)/E20))^0.1666666667))^(1/MAX(((E20*(1-COS(E20))+0.1666666667*(SIN(E20)-E20*COS(E20)))/(E20-SIN(E20))),0.25))))) | G20: =IF($C20<=0,0,MIN(2*PI()-0.000001,MAX(0.000001,F20*($C20/(($B20^2*(F20-SIN(F20))/8)*(($B20/4)*(1-SIN(F20)/F20))^0.1666666667))^(1/MAX(((F20*(1-COS(F20))+0.1666666667*(SIN(F20)-F20*COS(F20)))/(F20-SIN(F20))),0.25))))) | H20: =IF($C20<=0,0,MIN(2*PI()-0.000001,MAX(0.000001,G20*($C20/(($B20^2*(G20-SIN(G20))/8)*(($B20/4)*(1-SIN(G20)/G20))^0.1666666667))^(1/MAX(((G20*(1-COS(G20))+0.1666666667*(SIN(G20)-G20*COS(G20)))/(G20-SIN(G20))),0.25))))) | I20: =IF($C20<=0,0,MIN(2*PI()-0.000001,MAX(0.000001,H20*($C20/(($B20^2*(H20-SIN(H20))/8)*(($B20/4)*(1-SIN(H20)/H20))^0.1666666667))^(1/MAX(((H20*(1-COS(H20))+0.1666666667*(SIN(H20)-H20*COS(H20)))/(H20-SIN(H20))),0.25))))) | J20: =IF($C20<=0,0,MIN(2*PI()-0.000001,MAX(0.000001,I20*($C20/(($B20^2*(I20-SIN(I20))/8)*(($B20/4)*(1-SIN(I20)/I20))^0.1666666667))^(1/MAX(((I20*(1-COS(I20))+0.1666666667*(SIN(I20)-I20*COS(I20)))/(I20-SIN(I20))),0.25))))) | K20: =IF($C20<=0,0,MIN(2*PI()-0.000001,MAX(0.000001,J20*($C20/(($B20^2*(J20-SIN(J20))/8)*(($B20/4)*(1-SIN(J20)/J20))^0.1666666667))^(1/MAX(((J20*(1-COS(J20))+0.1666666667*(SIN(J20)-J20*COS(J20)))/(J20-SIN(J20))),0.25))))) | L20: =IF($C20<=0,0,MIN(2*PI()-0.000001,MAX(0.000001,K20*($C20/(($B20^2*(K20-SIN(K20))/8)*(($B20/4)*(1-SIN(K20)/K20))^0.1666666667))^(1/MAX(((K20*(1-COS(K20))+0.1666666667*(SIN(K20)-K20*COS(K20)))/(K20-SIN(K20))),0.25))))) | ... R20: =IF($C20<=0,0,MIN(2*PI()-0.000001,MAX(0.000001,Q20*($C20/(($B20^2*(Q20-SIN(Q20))/8)*(($B20/4)*(1-SIN(Q20)/Q20))^0.1666666667))^(1/MAX(((Q20*(1-COS(Q20))+0.1666666667*(SIN(Q20)-Q20*COS(Q20)))/(Q20-SIN(Q20))),0.25))))) | T20: =IF('Grade Calculator'!$K20<=0,0,('Grade Calculator'!$K20/1000)*n_Manning/SQRT(K_sc/100)) | U20: =IF($T20<=0,0,MIN(2*PI()-0.000001,MAX(0.000001,($T20*81.52230382/$B20^2.166666667)^(1/3.333333333)))) | V20: =IF($T20<=0,0,MIN(2*PI()-0.000001,MAX(0.000001,U20*($T20/(($B20^2*(U20-SIN(U20))/8)*(($B20/4)*(1-SIN(U20)/U20))^0.1666666667))^(1/MAX(((U20*(1-COS(U20))+0.1666666667*(SIN(U20)-U20*COS(U20)))/(U20-SIN(U20))),0.25))))) | W20: =IF($T20<=0,0,MIN(2*PI()-0.000001,MAX(0.000001,V20*($T20/(($B20^2*(V20-SIN(V20))/8)*(($B20/4)*(1-SIN(V20)/V20))^0.1666666667))^(1/MAX(((V20*(1-COS(V20))+0.1666666667*(SIN(V20)-V20*COS(V20)))/(V20-SIN(V20))),0.25))))) | X20: =IF($T20<=0,0,MIN(2*PI()-0.000001,MAX(0.000001,W20*($T20/(($B20^2*(W20-SIN(W20))/8)*(($B20/4)*(1-SIN(W20)/W20))^0.1666666667))^(1/MAX(((W20*(1-COS(W20))+0.1666666667*(SIN(W20)-W20*COS(W20)))/(W20-SIN(W20))),0.25))))) | Y20: =IF($T20<=0,0,MIN(2*PI()-0.000001,MAX(0.000001,X20*($T20/(($B20^2*(X20-SIN(X20))/8)*(($B20/4)*(1-SIN(X20)/X20))^0.1666666667))^(1/MAX(((X20*(1-COS(X20))+0.1666666667*(SIN(X20)-X20*COS(X20)))/(X20-SIN(X20))),0.25))))) | Z20: =IF($T20<=0,0,MIN(2*PI()-0.000001,MAX(0.000001,Y20*($T20/(($B20^2*(Y20-SIN(Y20))/8)*(($B20/4)*(1-SIN(Y20)/Y20))^0.1666666667))^(1/MAX(((Y20*(1-COS(Y20))+0.1666666667*(SIN(Y20)-Y20*COS(Y20)))/(Y20-SIN(Y20))),0.25))))) | AA20: =IF($T20<=0,0,MIN(2*PI()-0.000001,MAX(0.000001,Z20*($T20/(($B20^2*(Z20-SIN(Z20))/8)*(($B20/4)*(1-SIN(Z20)/Z20))^0.1666666667))^(1/MAX(((Z20*(1-COS(Z20))+0.1666666667*(SIN(Z20)-Z20*COS(Z20)))/(Z20-SIN(Z20))),0.25))))) | AB20: =IF($T20<=0,0,MIN(2*PI()-0.000001,MAX(0.000001,AA20*($T20/(($B20^2*(AA20-SIN(AA20))/8)*(($B20/4)*(1-SIN(AA20)/AA20))^0.1666666667))^(1/MAX(((AA20*(1-COS(AA20))+0.1666666667*(SIN(AA20)-AA20*COS(AA20)))/(AA20-SIN(AA20))),0.25))))) | AC20: =IF($T20<=0,0,MIN(2*PI()-0.000001,MAX(0.000001,AB20*($T20/(($B20^2*(AB20-SIN(AB20))/8)*(($B20/4)*(1-SIN(AB20)/AB20))^0.1666666667))^(1/MAX(((AB20*(1-COS(AB20))+0.1666666667*(SIN(AB20)-AB20*COS(AB20)))/(AB20-SIN(AB20))),0.25))))) | ... AI20: =IF($T20<=0,0,MIN(2*PI()-0.000001,MAX(0.000001,AH20*($T20/(($B20^2*(AH20-SIN(AH20))/8)*(($B20/4)*(1-SIN(AH20)/AH20))^0.1666666667))^(1/MAX(((AH20*(1-COS(AH20))+0.1666666667*(SIN(AH20)-AH20*COS(AH20)))/(AH20-SIN(AH20))),0.25))))) | AK20: =IF(PDWF_L_s<=0,0,(PDWF_L_s/1000)/V_max) | AL20: =IF($AK20<=0,0,MIN(2*PI()-0.000001,MAX(0.000001,($AK20*48/$B20^2)^(1/3)))) | AM20: =IF($AK20<=0,0,MIN(2*PI()-0.000001,MAX(0.000001,AL20*($AK20/($B20^2*(AL20-SIN(AL20))/8))^(1/MAX((AL20*(1-COS(AL20))/(AL20-SIN(AL20))),0.25))))) | AN20: =IF($AK20<=0,0,MIN(2*PI()-0.000001,MAX(0.000001,AM20*($AK20/($B20^2*(AM20-SIN(AM20))/8))^(1/MAX((AM20*(1-COS(AM20))/(AM20-SIN(AM20))),0.25))))) | AO20: =IF($AK20<=0,0,MIN(2*PI()-0.000001,MAX(0.000001,AN20*($AK20/($B20^2*(AN20-SIN(AN20))/8))^(1/MAX((AN20*(1-COS(AN20))/(AN20-SIN(AN20))),0.25))))) | AP20: =IF($AK20<=0,0,MIN(2*PI()-0.000001,MAX(0.000001,AO20*($AK20/($B20^2*(AO20-SIN(AO20))/8))^(1/MAX((AO20*(1-COS(AO20))/(AO20-SIN(AO20))),0.25))))) | AQ20: =IF($AK20<=0,0,MIN(2*PI()-0.000001,MAX(0.000001,AP20*($AK20/($B20^2*(AP20-SIN(AP20))/8))^(1/MAX((AP20*(1-COS(AP20))/(AP20-SIN(AP20))),0.25))))) | AR20: =IF($AK20<=0,0,MIN(2*PI()-0.000001,MAX(0.000001,AQ20*($AK20/($B20^2*(AQ20-SIN(AQ20))/8))^(1/MAX((AQ20*(1-COS(AQ20))/(AQ20-SIN(AQ20))),0.25))))) | AS20: =IF($AK20<=0,0,MIN(2*PI()-0.000001,MAX(0.000001,AR20*($AK20/($B20^2*(AR20-SIN(AR20))/8))^(1/MAX((AR20*(1-COS(AR20))/(AR20-SIN(AR20))),0.25))))) | AT20: =IF($AK20<=0,0,MIN(2*PI()-0.000001,MAX(0.000001,AS20*($AK20/($B20^2*(AS20-SIN(AS20))/8))^(1/MAX((AS20*(1-COS(AS20))/(AS20-SIN(AS20))),0.25))))) | ... AZ20: =IF($AK20<=0,0,MIN(2*PI()-0.000001,MAX(0.000001,AY20*($AK20/($B20^2*(AY20-SIN(AY20))/8))^(1/MAX((AY20*(1-COS(AY20))/(AY20-SIN(AY20))),0.25))))) | BB20: =IF(OR(PWWF_L_s<=0,'Grade Calculator'!$R20<=0),0,(PWWF_L_s/1000)*n_Manning/SQRT('Grade Calculator'!$R20/100)) | BC20: =IF($BB20<=0,0,MIN(2*PI()-0.000001,MAX(0.000001,($BB20*399.376094/$B20^2.666666667)^(1/4.333333333)))) | BD20: =IF($BB20<=0,0,MIN(2*PI()-0.000001,MAX(0.000001,BC20*($BB20/(($B20^2*(BC20-SIN(BC20))/8)*(($B20/4)*(1-SIN(BC20)/BC20))^0.6666666667))^(1/MAX(((BC20*(1-COS(BC20))+0.6666666667*(SIN(BC20)-BC20*COS(BC20)))/(BC20-SIN(BC20))),0.25))))) | BE20: =IF($BB20<=0,0,MIN(2*PI()-0.000001,MAX(0.000001,BD20*($BB20/(($B20^2*(BD20-SIN(BD20))/8)*(($B20/4)*(1-SIN(BD20)/BD20))^0.6666666667))^(1/MAX(((BD20*(1-COS(BD20))+0.6666666667*(SIN(BD20)-BD20*COS(BD20)))/(BD20-SIN(BD20))),0.25))))) | BF20: =IF($BB20<=0,0,MIN(2*PI()-0.000001,MAX(0.000001,BE20*($BB20/(($B20^2*(BE20-SIN(BE20))/8)*(($B20/4)*(1-SIN(BE20)/BE20))^0.6666666667))^(1/MAX(((BE20*(1-COS(BE20))+0.6666666667*(SIN(BE20)-BE20*COS(BE20)))/(BE20-SIN(BE20))),0.25))))) | BG20: =IF($BB20<=0,0,MIN(2*PI()-0.000001,MAX(0.000001,BF20*($BB20/(($B20^2*(BF20-SIN(BF20))/8)*(($B20/4)*(1-SIN(BF20)/BF20))^0.6666666667))^(1/MAX(((BF20*(1-COS(BF20))+0.6666666667*(SIN(BF20)-BF20*COS(BF20)))/(BF20-SIN(BF20))),0.25))))) | BH20: =IF($BB20<=0,0,MIN(2*PI()-0.000001,MAX(0.000001,BG20*($BB20/(($B20^2*(BG20-SIN(BG20))/8)*(($B20/4)*(1-SIN(BG20)/BG20))^0.6666666667))^(1/MAX(((BG20*(1-COS(BG20))+0.6666666667*(SIN(BG20)-BG20*COS(BG20)))/(BG20-SIN(BG20))),0.25))))) | BI20: =IF($BB20<=0,0,MIN(2*PI()-0.000001,MAX(0.000001,BH20*($BB20/(($B20^2*(BH20-SIN(BH20))/8)*(($B20/4)*(1-SIN(BH20)/BH20))^0.6666666667))^(1/MAX(((BH20*(1-COS(BH20))+0.6666666667*(SIN(BH20)-BH20*COS(BH20)))/(BH20-SIN(BH20))),0.25))))) | BJ20: =IF($BB20<=0,0,MIN(2*PI()-0.000001,MAX(0.000001,BI20*($BB20/(($B20^2*(BI20-SIN(BI20))/8)*(($B20/4)*(1-SIN(BI20)/BI20))^0.6666666667))^(1/MAX(((BI20*(1-COS(BI20))+0.6666666667*(SIN(BI20)-BI20*COS(BI20)))/(BI20-SIN(BI20))),0.25))))) | BK20: =IF($BB20<=0,0,MIN(2*PI()-0.000001,MAX(0.000001,BJ20*($BB20/(($B20^2*(BJ20-SIN(BJ20))/8)*(($B20/4)*(1-SIN(BJ20)/BJ20))^0.6666666667))^(1/MAX(((BJ20*(1-COS(BJ20))+0.6666666667*(SIN(BJ20)-BJ20*COS(BJ20)))/(BJ20-SIN(BJ20))),0.25))))) | ... BQ20: =IF($BB20<=0,0,MIN(2*PI()-0.000001,MAX(0.000001,BP20*($BB20/(($B20^2*(BP20-SIN(BP20))/8)*(($B20/4)*(1-SIN(BP20)/BP20))^0.6666666667))^(1/MAX(((BP20*(1-COS(BP20))+0.6666666667*(SIN(BP20)-BP20*COS(BP20)))/(BP20-SIN(BP20))),0.25)))))
A21: ='Grade Calculator'!$A21 | B21: ='Grade Calculator'!$B21 | C21: =IF('Grade Calculator'!$C21<=0,0,('Grade Calculator'!$C21/1000)*n_Manning/SQRT(K_sss/100)) | D21: =IF($C21<=0,0,MIN(2*PI()-0.000001,MAX(0.000001,($C21*81.52230382/$B21^2.166666667)^(1/3.333333333)))) | E21: =IF($C21<=0,0,MIN(2*PI()-0.000001,MAX(0.000001,D21*($C21/(($B21^2*(D21-SIN(D21))/8)*(($B21/4)*(1-SIN(D21)/D21))^0.1666666667))^(1/MAX(((D21*(1-COS(D21))+0.1666666667*(SIN(D21)-D21*COS(D21)))/(D21-SIN(D21))),0.25))))) | F21: =IF($C21<=0,0,MIN(2*PI()-0.000001,MAX(0.000001,E21*($C21/(($B21^2*(E21-SIN(E21))/8)*(($B21/4)*(1-SIN(E21)/E21))^0.1666666667))^(1/MAX(((E21*(1-COS(E21))+0.1666666667*(SIN(E21)-E21*COS(E21)))/(E21-SIN(E21))),0.25))))) | G21: =IF($C21<=0,0,MIN(2*PI()-0.000001,MAX(0.000001,F21*($C21/(($B21^2*(F21-SIN(F21))/8)*(($B21/4)*(1-SIN(F21)/F21))^0.1666666667))^(1/MAX(((F21*(1-COS(F21))+0.1666666667*(SIN(F21)-F21*COS(F21)))/(F21-SIN(F21))),0.25))))) | H21: =IF($C21<=0,0,MIN(2*PI()-0.000001,MAX(0.000001,G21*($C21/(($B21^2*(G21-SIN(G21))/8)*(($B21/4)*(1-SIN(G21)/G21))^0.1666666667))^(1/MAX(((G21*(1-COS(G21))+0.1666666667*(SIN(G21)-G21*COS(G21)))/(G21-SIN(G21))),0.25))))) | I21: =IF($C21<=0,0,MIN(2*PI()-0.000001,MAX(0.000001,H21*($C21/(($B21^2*(H21-SIN(H21))/8)*(($B21/4)*(1-SIN(H21)/H21))^0.1666666667))^(1/MAX(((H21*(1-COS(H21))+0.1666666667*(SIN(H21)-H21*COS(H21)))/(H21-SIN(H21))),0.25))))) | J21: =IF($C21<=0,0,MIN(2*PI()-0.000001,MAX(0.000001,I21*($C21/(($B21^2*(I21-SIN(I21))/8)*(($B21/4)*(1-SIN(I21)/I21))^0.1666666667))^(1/MAX(((I21*(1-COS(I21))+0.1666666667*(SIN(I21)-I21*COS(I21)))/(I21-SIN(I21))),0.25))))) | K21: =IF($C21<=0,0,MIN(2*PI()-0.000001,MAX(0.000001,J21*($C21/(($B21^2*(J21-SIN(J21))/8)*(($B21/4)*(1-SIN(J21)/J21))^0.1666666667))^(1/MAX(((J21*(1-COS(J21))+0.1666666667*(SIN(J21)-J21*COS(J21)))/(J21-SIN(J21))),0.25))))) | L21: =IF($C21<=0,0,MIN(2*PI()-0.000001,MAX(0.000001,K21*($C21/(($B21^2*(K21-SIN(K21))/8)*(($B21/4)*(1-SIN(K21)/K21))^0.1666666667))^(1/MAX(((K21*(1-COS(K21))+0.1666666667*(SIN(K21)-K21*COS(K21)))/(K21-SIN(K21))),0.25))))) | ... R21: =IF($C21<=0,0,MIN(2*PI()-0.000001,MAX(0.000001,Q21*($C21/(($B21^2*(Q21-SIN(Q21))/8)*(($B21/4)*(1-SIN(Q21)/Q21))^0.1666666667))^(1/MAX(((Q21*(1-COS(Q21))+0.1666666667*(SIN(Q21)-Q21*COS(Q21)))/(Q21-SIN(Q21))),0.25))))) | T21: =IF('Grade Calculator'!$K21<=0,0,('Grade Calculator'!$K21/1000)*n_Manning/SQRT(K_sc/100)) | U21: =IF($T21<=0,0,MIN(2*PI()-0.000001,MAX(0.000001,($T21*81.52230382/$B21^2.166666667)^(1/3.333333333)))) | V21: =IF($T21<=0,0,MIN(2*PI()-0.000001,MAX(0.000001,U21*($T21/(($B21^2*(U21-SIN(U21))/8)*(($B21/4)*(1-SIN(U21)/U21))^0.1666666667))^(1/MAX(((U21*(1-COS(U21))+0.1666666667*(SIN(U21)-U21*COS(U21)))/(U21-SIN(U21))),0.25))))) | W21: =IF($T21<=0,0,MIN(2*PI()-0.000001,MAX(0.000001,V21*($T21/(($B21^2*(V21-SIN(V21))/8)*(($B21/4)*(1-SIN(V21)/V21))^0.1666666667))^(1/MAX(((V21*(1-COS(V21))+0.1666666667*(SIN(V21)-V21*COS(V21)))/(V21-SIN(V21))),0.25))))) | X21: =IF($T21<=0,0,MIN(2*PI()-0.000001,MAX(0.000001,W21*($T21/(($B21^2*(W21-SIN(W21))/8)*(($B21/4)*(1-SIN(W21)/W21))^0.1666666667))^(1/MAX(((W21*(1-COS(W21))+0.1666666667*(SIN(W21)-W21*COS(W21)))/(W21-SIN(W21))),0.25))))) | Y21: =IF($T21<=0,0,MIN(2*PI()-0.000001,MAX(0.000001,X21*($T21/(($B21^2*(X21-SIN(X21))/8)*(($B21/4)*(1-SIN(X21)/X21))^0.1666666667))^(1/MAX(((X21*(1-COS(X21))+0.1666666667*(SIN(X21)-X21*COS(X21)))/(X21-SIN(X21))),0.25))))) | Z21: =IF($T21<=0,0,MIN(2*PI()-0.000001,MAX(0.000001,Y21*($T21/(($B21^2*(Y21-SIN(Y21))/8)*(($B21/4)*(1-SIN(Y21)/Y21))^0.1666666667))^(1/MAX(((Y21*(1-COS(Y21))+0.1666666667*(SIN(Y21)-Y21*COS(Y21)))/(Y21-SIN(Y21))),0.25))))) | AA21: =IF($T21<=0,0,MIN(2*PI()-0.000001,MAX(0.000001,Z21*($T21/(($B21^2*(Z21-SIN(Z21))/8)*(($B21/4)*(1-SIN(Z21)/Z21))^0.1666666667))^(1/MAX(((Z21*(1-COS(Z21))+0.1666666667*(SIN(Z21)-Z21*COS(Z21)))/(Z21-SIN(Z21))),0.25))))) | AB21: =IF($T21<=0,0,MIN(2*PI()-0.000001,MAX(0.000001,AA21*($T21/(($B21^2*(AA21-SIN(AA21))/8)*(($B21/4)*(1-SIN(AA21)/AA21))^0.1666666667))^(1/MAX(((AA21*(1-COS(AA21))+0.1666666667*(SIN(AA21)-AA21*COS(AA21)))/(AA21-SIN(AA21))),0.25))))) | AC21: =IF($T21<=0,0,MIN(2*PI()-0.000001,MAX(0.000001,AB21*($T21/(($B21^2*(AB21-SIN(AB21))/8)*(($B21/4)*(1-SIN(AB21)/AB21))^0.1666666667))^(1/MAX(((AB21*(1-COS(AB21))+0.1666666667*(SIN(AB21)-AB21*COS(AB21)))/(AB21-SIN(AB21))),0.25))))) | ... AI21: =IF($T21<=0,0,MIN(2*PI()-0.000001,MAX(0.000001,AH21*($T21/(($B21^2*(AH21-SIN(AH21))/8)*(($B21/4)*(1-SIN(AH21)/AH21))^0.1666666667))^(1/MAX(((AH21*(1-COS(AH21))+0.1666666667*(SIN(AH21)-AH21*COS(AH21)))/(AH21-SIN(AH21))),0.25))))) | AK21: =IF(PDWF_L_s<=0,0,(PDWF_L_s/1000)/V_max) | AL21: =IF($AK21<=0,0,MIN(2*PI()-0.000001,MAX(0.000001,($AK21*48/$B21^2)^(1/3)))) | AM21: =IF($AK21<=0,0,MIN(2*PI()-0.000001,MAX(0.000001,AL21*($AK21/($B21^2*(AL21-SIN(AL21))/8))^(1/MAX((AL21*(1-COS(AL21))/(AL21-SIN(AL21))),0.25))))) | AN21: =IF($AK21<=0,0,MIN(2*PI()-0.000001,MAX(0.000001,AM21*($AK21/($B21^2*(AM21-SIN(AM21))/8))^(1/MAX((AM21*(1-COS(AM21))/(AM21-SIN(AM21))),0.25))))) | AO21: =IF($AK21<=0,0,MIN(2*PI()-0.000001,MAX(0.000001,AN21*($AK21/($B21^2*(AN21-SIN(AN21))/8))^(1/MAX((AN21*(1-COS(AN21))/(AN21-SIN(AN21))),0.25))))) | AP21: =IF($AK21<=0,0,MIN(2*PI()-0.000001,MAX(0.000001,AO21*($AK21/($B21^2*(AO21-SIN(AO21))/8))^(1/MAX((AO21*(1-COS(AO21))/(AO21-SIN(AO21))),0.25))))) | AQ21: =IF($AK21<=0,0,MIN(2*PI()-0.000001,MAX(0.000001,AP21*($AK21/($B21^2*(AP21-SIN(AP21))/8))^(1/MAX((AP21*(1-COS(AP21))/(AP21-SIN(AP21))),0.25))))) | AR21: =IF($AK21<=0,0,MIN(2*PI()-0.000001,MAX(0.000001,AQ21*($AK21/($B21^2*(AQ21-SIN(AQ21))/8))^(1/MAX((AQ21*(1-COS(AQ21))/(AQ21-SIN(AQ21))),0.25))))) | AS21: =IF($AK21<=0,0,MIN(2*PI()-0.000001,MAX(0.000001,AR21*($AK21/($B21^2*(AR21-SIN(AR21))/8))^(1/MAX((AR21*(1-COS(AR21))/(AR21-SIN(AR21))),0.25))))) | AT21: =IF($AK21<=0,0,MIN(2*PI()-0.000001,MAX(0.000001,AS21*($AK21/($B21^2*(AS21-SIN(AS21))/8))^(1/MAX((AS21*(1-COS(AS21))/(AS21-SIN(AS21))),0.25))))) | ... AZ21: =IF($AK21<=0,0,MIN(2*PI()-0.000001,MAX(0.000001,AY21*($AK21/($B21^2*(AY21-SIN(AY21))/8))^(1/MAX((AY21*(1-COS(AY21))/(AY21-SIN(AY21))),0.25))))) | BB21: =IF(OR(PWWF_L_s<=0,'Grade Calculator'!$R21<=0),0,(PWWF_L_s/1000)*n_Manning/SQRT('Grade Calculator'!$R21/100)) | BC21: =IF($BB21<=0,0,MIN(2*PI()-0.000001,MAX(0.000001,($BB21*399.376094/$B21^2.666666667)^(1/4.333333333)))) | BD21: =IF($BB21<=0,0,MIN(2*PI()-0.000001,MAX(0.000001,BC21*($BB21/(($B21^2*(BC21-SIN(BC21))/8)*(($B21/4)*(1-SIN(BC21)/BC21))^0.6666666667))^(1/MAX(((BC21*(1-COS(BC21))+0.6666666667*(SIN(BC21)-BC21*COS(BC21)))/(BC21-SIN(BC21))),0.25))))) | BE21: =IF($BB21<=0,0,MIN(2*PI()-0.000001,MAX(0.000001,BD21*($BB21/(($B21^2*(BD21-SIN(BD21))/8)*(($B21/4)*(1-SIN(BD21)/BD21))^0.6666666667))^(1/MAX(((BD21*(1-COS(BD21))+0.6666666667*(SIN(BD21)-BD21*COS(BD21)))/(BD21-SIN(BD21))),0.25))))) | BF21: =IF($BB21<=0,0,MIN(2*PI()-0.000001,MAX(0.000001,BE21*($BB21/(($B21^2*(BE21-SIN(BE21))/8)*(($B21/4)*(1-SIN(BE21)/BE21))^0.6666666667))^(1/MAX(((BE21*(1-COS(BE21))+0.6666666667*(SIN(BE21)-BE21*COS(BE21)))/(BE21-SIN(BE21))),0.25))))) | BG21: =IF($BB21<=0,0,MIN(2*PI()-0.000001,MAX(0.000001,BF21*($BB21/(($B21^2*(BF21-SIN(BF21))/8)*(($B21/4)*(1-SIN(BF21)/BF21))^0.6666666667))^(1/MAX(((BF21*(1-COS(BF21))+0.6666666667*(SIN(BF21)-BF21*COS(BF21)))/(BF21-SIN(BF21))),0.25))))) | BH21: =IF($BB21<=0,0,MIN(2*PI()-0.000001,MAX(0.000001,BG21*($BB21/(($B21^2*(BG21-SIN(BG21))/8)*(($B21/4)*(1-SIN(BG21)/BG21))^0.6666666667))^(1/MAX(((BG21*(1-COS(BG21))+0.6666666667*(SIN(BG21)-BG21*COS(BG21)))/(BG21-SIN(BG21))),0.25))))) | BI21: =IF($BB21<=0,0,MIN(2*PI()-0.000001,MAX(0.000001,BH21*($BB21/(($B21^2*(BH21-SIN(BH21))/8)*(($B21/4)*(1-SIN(BH21)/BH21))^0.6666666667))^(1/MAX(((BH21*(1-COS(BH21))+0.6666666667*(SIN(BH21)-BH21*COS(BH21)))/(BH21-SIN(BH21))),0.25))))) | BJ21: =IF($BB21<=0,0,MIN(2*PI()-0.000001,MAX(0.000001,BI21*($BB21/(($B21^2*(BI21-SIN(BI21))/8)*(($B21/4)*(1-SIN(BI21)/BI21))^0.6666666667))^(1/MAX(((BI21*(1-COS(BI21))+0.6666666667*(SIN(BI21)-BI21*COS(BI21)))/(BI21-SIN(BI21))),0.25))))) | BK21: =IF($BB21<=0,0,MIN(2*PI()-0.000001,MAX(0.000001,BJ21*($BB21/(($B21^2*(BJ21-SIN(BJ21))/8)*(($B21/4)*(1-SIN(BJ21)/BJ21))^0.6666666667))^(1/MAX(((BJ21*(1-COS(BJ21))+0.6666666667*(SIN(BJ21)-BJ21*COS(BJ21)))/(BJ21-SIN(BJ21))),0.25))))) | ... BQ21: =IF($BB21<=0,0,MIN(2*PI()-0.000001,MAX(0.000001,BP21*($BB21/(($B21^2*(BP21-SIN(BP21))/8)*(($B21/4)*(1-SIN(BP21)/BP21))^0.6666666667))^(1/MAX(((BP21*(1-COS(BP21))+0.6666666667*(SIN(BP21)-BP21*COS(BP21)))/(BP21-SIN(BP21))),0.25)))))
A22: ='Grade Calculator'!$A22 | B22: ='Grade Calculator'!$B22 | C22: =IF('Grade Calculator'!$C22<=0,0,('Grade Calculator'!$C22/1000)*n_Manning/SQRT(K_sss/100)) | D22: =IF($C22<=0,0,MIN(2*PI()-0.000001,MAX(0.000001,($C22*81.52230382/$B22^2.166666667)^(1/3.333333333)))) | E22: =IF($C22<=0,0,MIN(2*PI()-0.000001,MAX(0.000001,D22*($C22/(($B22^2*(D22-SIN(D22))/8)*(($B22/4)*(1-SIN(D22)/D22))^0.1666666667))^(1/MAX(((D22*(1-COS(D22))+0.1666666667*(SIN(D22)-D22*COS(D22)))/(D22-SIN(D22))),0.25))))) | F22: =IF($C22<=0,0,MIN(2*PI()-0.000001,MAX(0.000001,E22*($C22/(($B22^2*(E22-SIN(E22))/8)*(($B22/4)*(1-SIN(E22)/E22))^0.1666666667))^(1/MAX(((E22*(1-COS(E22))+0.1666666667*(SIN(E22)-E22*COS(E22)))/(E22-SIN(E22))),0.25))))) | G22: =IF($C22<=0,0,MIN(2*PI()-0.000001,MAX(0.000001,F22*($C22/(($B22^2*(F22-SIN(F22))/8)*(($B22/4)*(1-SIN(F22)/F22))^0.1666666667))^(1/MAX(((F22*(1-COS(F22))+0.1666666667*(SIN(F22)-F22*COS(F22)))/(F22-SIN(F22))),0.25))))) | H22: =IF($C22<=0,0,MIN(2*PI()-0.000001,MAX(0.000001,G22*($C22/(($B22^2*(G22-SIN(G22))/8)*(($B22/4)*(1-SIN(G22)/G22))^0.1666666667))^(1/MAX(((G22*(1-COS(G22))+0.1666666667*(SIN(G22)-G22*COS(G22)))/(G22-SIN(G22))),0.25))))) | I22: =IF($C22<=0,0,MIN(2*PI()-0.000001,MAX(0.000001,H22*($C22/(($B22^2*(H22-SIN(H22))/8)*(($B22/4)*(1-SIN(H22)/H22))^0.1666666667))^(1/MAX(((H22*(1-COS(H22))+0.1666666667*(SIN(H22)-H22*COS(H22)))/(H22-SIN(H22))),0.25))))) | J22: =IF($C22<=0,0,MIN(2*PI()-0.000001,MAX(0.000001,I22*($C22/(($B22^2*(I22-SIN(I22))/8)*(($B22/4)*(1-SIN(I22)/I22))^0.1666666667))^(1/MAX(((I22*(1-COS(I22))+0.1666666667*(SIN(I22)-I22*COS(I22)))/(I22-SIN(I22))),0.25))))) | K22: =IF($C22<=0,0,MIN(2*PI()-0.000001,MAX(0.000001,J22*($C22/(($B22^2*(J22-SIN(J22))/8)*(($B22/4)*(1-SIN(J22)/J22))^0.1666666667))^(1/MAX(((J22*(1-COS(J22))+0.1666666667*(SIN(J22)-J22*COS(J22)))/(J22-SIN(J22))),0.25))))) | L22: =IF($C22<=0,0,MIN(2*PI()-0.000001,MAX(0.000001,K22*($C22/(($B22^2*(K22-SIN(K22))/8)*(($B22/4)*(1-SIN(K22)/K22))^0.1666666667))^(1/MAX(((K22*(1-COS(K22))+0.1666666667*(SIN(K22)-K22*COS(K22)))/(K22-SIN(K22))),0.25))))) | ... R22: =IF($C22<=0,0,MIN(2*PI()-0.000001,MAX(0.000001,Q22*($C22/(($B22^2*(Q22-SIN(Q22))/8)*(($B22/4)*(1-SIN(Q22)/Q22))^0.1666666667))^(1/MAX(((Q22*(1-COS(Q22))+0.1666666667*(SIN(Q22)-Q22*COS(Q22)))/(Q22-SIN(Q22))),0.25))))) | T22: =IF('Grade Calculator'!$K22<=0,0,('Grade Calculator'!$K22/1000)*n_Manning/SQRT(K_sc/100)) | U22: =IF($T22<=0,0,MIN(2*PI()-0.000001,MAX(0.000001,($T22*81.52230382/$B22^2.166666667)^(1/3.333333333)))) | V22: =IF($T22<=0,0,MIN(2*PI()-0.000001,MAX(0.000001,U22*($T22/(($B22^2*(U22-SIN(U22))/8)*(($B22/4)*(1-SIN(U22)/U22))^0.1666666667))^(1/MAX(((U22*(1-COS(U22))+0.1666666667*(SIN(U22)-U22*COS(U22)))/(U22-SIN(U22))),0.25))))) | W22: =IF($T22<=0,0,MIN(2*PI()-0.000001,MAX(0.000001,V22*($T22/(($B22^2*(V22-SIN(V22))/8)*(($B22/4)*(1-SIN(V22)/V22))^0.1666666667))^(1/MAX(((V22*(1-COS(V22))+0.1666666667*(SIN(V22)-V22*COS(V22)))/(V22-SIN(V22))),0.25))))) | X22: =IF($T22<=0,0,MIN(2*PI()-0.000001,MAX(0.000001,W22*($T22/(($B22^2*(W22-SIN(W22))/8)*(($B22/4)*(1-SIN(W22)/W22))^0.1666666667))^(1/MAX(((W22*(1-COS(W22))+0.1666666667*(SIN(W22)-W22*COS(W22)))/(W22-SIN(W22))),0.25))))) | Y22: =IF($T22<=0,0,MIN(2*PI()-0.000001,MAX(0.000001,X22*($T22/(($B22^2*(X22-SIN(X22))/8)*(($B22/4)*(1-SIN(X22)/X22))^0.1666666667))^(1/MAX(((X22*(1-COS(X22))+0.1666666667*(SIN(X22)-X22*COS(X22)))/(X22-SIN(X22))),0.25))))) | Z22: =IF($T22<=0,0,MIN(2*PI()-0.000001,MAX(0.000001,Y22*($T22/(($B22^2*(Y22-SIN(Y22))/8)*(($B22/4)*(1-SIN(Y22)/Y22))^0.1666666667))^(1/MAX(((Y22*(1-COS(Y22))+0.1666666667*(SIN(Y22)-Y22*COS(Y22)))/(Y22-SIN(Y22))),0.25))))) | AA22: =IF($T22<=0,0,MIN(2*PI()-0.000001,MAX(0.000001,Z22*($T22/(($B22^2*(Z22-SIN(Z22))/8)*(($B22/4)*(1-SIN(Z22)/Z22))^0.1666666667))^(1/MAX(((Z22*(1-COS(Z22))+0.1666666667*(SIN(Z22)-Z22*COS(Z22)))/(Z22-SIN(Z22))),0.25))))) | AB22: =IF($T22<=0,0,MIN(2*PI()-0.000001,MAX(0.000001,AA22*($T22/(($B22^2*(AA22-SIN(AA22))/8)*(($B22/4)*(1-SIN(AA22)/AA22))^0.1666666667))^(1/MAX(((AA22*(1-COS(AA22))+0.1666666667*(SIN(AA22)-AA22*COS(AA22)))/(AA22-SIN(AA22))),0.25))))) | AC22: =IF($T22<=0,0,MIN(2*PI()-0.000001,MAX(0.000001,AB22*($T22/(($B22^2*(AB22-SIN(AB22))/8)*(($B22/4)*(1-SIN(AB22)/AB22))^0.1666666667))^(1/MAX(((AB22*(1-COS(AB22))+0.1666666667*(SIN(AB22)-AB22*COS(AB22)))/(AB22-SIN(AB22))),0.25))))) | ... AI22: =IF($T22<=0,0,MIN(2*PI()-0.000001,MAX(0.000001,AH22*($T22/(($B22^2*(AH22-SIN(AH22))/8)*(($B22/4)*(1-SIN(AH22)/AH22))^0.1666666667))^(1/MAX(((AH22*(1-COS(AH22))+0.1666666667*(SIN(AH22)-AH22*COS(AH22)))/(AH22-SIN(AH22))),0.25))))) | AK22: =IF(PDWF_L_s<=0,0,(PDWF_L_s/1000)/V_max) | AL22: =IF($AK22<=0,0,MIN(2*PI()-0.000001,MAX(0.000001,($AK22*48/$B22^2)^(1/3)))) | AM22: =IF($AK22<=0,0,MIN(2*PI()-0.000001,MAX(0.000001,AL22*($AK22/($B22^2*(AL22-SIN(AL22))/8))^(1/MAX((AL22*(1-COS(AL22))/(AL22-SIN(AL22))),0.25))))) | AN22: =IF($AK22<=0,0,MIN(2*PI()-0.000001,MAX(0.000001,AM22*($AK22/($B22^2*(AM22-SIN(AM22))/8))^(1/MAX((AM22*(1-COS(AM22))/(AM22-SIN(AM22))),0.25))))) | AO22: =IF($AK22<=0,0,MIN(2*PI()-0.000001,MAX(0.000001,AN22*($AK22/($B22^2*(AN22-SIN(AN22))/8))^(1/MAX((AN22*(1-COS(AN22))/(AN22-SIN(AN22))),0.25))))) | AP22: =IF($AK22<=0,0,MIN(2*PI()-0.000001,MAX(0.000001,AO22*($AK22/($B22^2*(AO22-SIN(AO22))/8))^(1/MAX((AO22*(1-COS(AO22))/(AO22-SIN(AO22))),0.25))))) | AQ22: =IF($AK22<=0,0,MIN(2*PI()-0.000001,MAX(0.000001,AP22*($AK22/($B22^2*(AP22-SIN(AP22))/8))^(1/MAX((AP22*(1-COS(AP22))/(AP22-SIN(AP22))),0.25))))) | AR22: =IF($AK22<=0,0,MIN(2*PI()-0.000001,MAX(0.000001,AQ22*($AK22/($B22^2*(AQ22-SIN(AQ22))/8))^(1/MAX((AQ22*(1-COS(AQ22))/(AQ22-SIN(AQ22))),0.25))))) | AS22: =IF($AK22<=0,0,MIN(2*PI()-0.000001,MAX(0.000001,AR22*($AK22/($B22^2*(AR22-SIN(AR22))/8))^(1/MAX((AR22*(1-COS(AR22))/(AR22-SIN(AR22))),0.25))))) | AT22: =IF($AK22<=0,0,MIN(2*PI()-0.000001,MAX(0.000001,AS22*($AK22/($B22^2*(AS22-SIN(AS22))/8))^(1/MAX((AS22*(1-COS(AS22))/(AS22-SIN(AS22))),0.25))))) | ... AZ22: =IF($AK22<=0,0,MIN(2*PI()-0.000001,MAX(0.000001,AY22*($AK22/($B22^2*(AY22-SIN(AY22))/8))^(1/MAX((AY22*(1-COS(AY22))/(AY22-SIN(AY22))),0.25))))) | BB22: =IF(OR(PWWF_L_s<=0,'Grade Calculator'!$R22<=0),0,(PWWF_L_s/1000)*n_Manning/SQRT('Grade Calculator'!$R22/100)) | BC22: =IF($BB22<=0,0,MIN(2*PI()-0.000001,MAX(0.000001,($BB22*399.376094/$B22^2.666666667)^(1/4.333333333)))) | BD22: =IF($BB22<=0,0,MIN(2*PI()-0.000001,MAX(0.000001,BC22*($BB22/(($B22^2*(BC22-SIN(BC22))/8)*(($B22/4)*(1-SIN(BC22)/BC22))^0.6666666667))^(1/MAX(((BC22*(1-COS(BC22))+0.6666666667*(SIN(BC22)-BC22*COS(BC22)))/(BC22-SIN(BC22))),0.25))))) | BE22: =IF($BB22<=0,0,MIN(2*PI()-0.000001,MAX(0.000001,BD22*($BB22/(($B22^2*(BD22-SIN(BD22))/8)*(($B22/4)*(1-SIN(BD22)/BD22))^0.6666666667))^(1/MAX(((BD22*(1-COS(BD22))+0.6666666667*(SIN(BD22)-BD22*COS(BD22)))/(BD22-SIN(BD22))),0.25))))) | BF22: =IF($BB22<=0,0,MIN(2*PI()-0.000001,MAX(0.000001,BE22*($BB22/(($B22^2*(BE22-SIN(BE22))/8)*(($B22/4)*(1-SIN(BE22)/BE22))^0.6666666667))^(1/MAX(((BE22*(1-COS(BE22))+0.6666666667*(SIN(BE22)-BE22*COS(BE22)))/(BE22-SIN(BE22))),0.25))))) | BG22: =IF($BB22<=0,0,MIN(2*PI()-0.000001,MAX(0.000001,BF22*($BB22/(($B22^2*(BF22-SIN(BF22))/8)*(($B22/4)*(1-SIN(BF22)/BF22))^0.6666666667))^(1/MAX(((BF22*(1-COS(BF22))+0.6666666667*(SIN(BF22)-BF22*COS(BF22)))/(BF22-SIN(BF22))),0.25))))) | BH22: =IF($BB22<=0,0,MIN(2*PI()-0.000001,MAX(0.000001,BG22*($BB22/(($B22^2*(BG22-SIN(BG22))/8)*(($B22/4)*(1-SIN(BG22)/BG22))^0.6666666667))^(1/MAX(((BG22*(1-COS(BG22))+0.6666666667*(SIN(BG22)-BG22*COS(BG22)))/(BG22-SIN(BG22))),0.25))))) | BI22: =IF($BB22<=0,0,MIN(2*PI()-0.000001,MAX(0.000001,BH22*($BB22/(($B22^2*(BH22-SIN(BH22))/8)*(($B22/4)*(1-SIN(BH22)/BH22))^0.6666666667))^(1/MAX(((BH22*(1-COS(BH22))+0.6666666667*(SIN(BH22)-BH22*COS(BH22)))/(BH22-SIN(BH22))),0.25))))) | BJ22: =IF($BB22<=0,0,MIN(2*PI()-0.000001,MAX(0.000001,BI22*($BB22/(($B22^2*(BI22-SIN(BI22))/8)*(($B22/4)*(1-SIN(BI22)/BI22))^0.6666666667))^(1/MAX(((BI22*(1-COS(BI22))+0.6666666667*(SIN(BI22)-BI22*COS(BI22)))/(BI22-SIN(BI22))),0.25))))) | BK22: =IF($BB22<=0,0,MIN(2*PI()-0.000001,MAX(0.000001,BJ22*($BB22/(($B22^2*(BJ22-SIN(BJ22))/8)*(($B22/4)*(1-SIN(BJ22)/BJ22))^0.6666666667))^(1/MAX(((BJ22*(1-COS(BJ22))+0.6666666667*(SIN(BJ22)-BJ22*COS(BJ22)))/(BJ22-SIN(BJ22))),0.25))))) | ... BQ22: =IF($BB22<=0,0,MIN(2*PI()-0.000001,MAX(0.000001,BP22*($BB22/(($B22^2*(BP22-SIN(BP22))/8)*(($B22/4)*(1-SIN(BP22)/BP22))^0.6666666667))^(1/MAX(((BP22*(1-COS(BP22))+0.6666666667*(SIN(BP22)-BP22*COS(BP22)))/(BP22-SIN(BP22))),0.25)))))
A23: ='Grade Calculator'!$A23 | B23: ='Grade Calculator'!$B23 | C23: =IF('Grade Calculator'!$C23<=0,0,('Grade Calculator'!$C23/1000)*n_Manning/SQRT(K_sss/100)) | D23: =IF($C23<=0,0,MIN(2*PI()-0.000001,MAX(0.000001,($C23*81.52230382/$B23^2.166666667)^(1/3.333333333)))) | E23: =IF($C23<=0,0,MIN(2*PI()-0.000001,MAX(0.000001,D23*($C23/(($B23^2*(D23-SIN(D23))/8)*(($B23/4)*(1-SIN(D23)/D23))^0.1666666667))^(1/MAX(((D23*(1-COS(D23))+0.1666666667*(SIN(D23)-D23*COS(D23)))/(D23-SIN(D23))),0.25))))) | F23: =IF($C23<=0,0,MIN(2*PI()-0.000001,MAX(0.000001,E23*($C23/(($B23^2*(E23-SIN(E23))/8)*(($B23/4)*(1-SIN(E23)/E23))^0.1666666667))^(1/MAX(((E23*(1-COS(E23))+0.1666666667*(SIN(E23)-E23*COS(E23)))/(E23-SIN(E23))),0.25))))) | G23: =IF($C23<=0,0,MIN(2*PI()-0.000001,MAX(0.000001,F23*($C23/(($B23^2*(F23-SIN(F23))/8)*(($B23/4)*(1-SIN(F23)/F23))^0.1666666667))^(1/MAX(((F23*(1-COS(F23))+0.1666666667*(SIN(F23)-F23*COS(F23)))/(F23-SIN(F23))),0.25))))) | H23: =IF($C23<=0,0,MIN(2*PI()-0.000001,MAX(0.000001,G23*($C23/(($B23^2*(G23-SIN(G23))/8)*(($B23/4)*(1-SIN(G23)/G23))^0.1666666667))^(1/MAX(((G23*(1-COS(G23))+0.1666666667*(SIN(G23)-G23*COS(G23)))/(G23-SIN(G23))),0.25))))) | I23: =IF($C23<=0,0,MIN(2*PI()-0.000001,MAX(0.000001,H23*($C23/(($B23^2*(H23-SIN(H23))/8)*(($B23/4)*(1-SIN(H23)/H23))^0.1666666667))^(1/MAX(((H23*(1-COS(H23))+0.1666666667*(SIN(H23)-H23*COS(H23)))/(H23-SIN(H23))),0.25))))) | J23: =IF($C23<=0,0,MIN(2*PI()-0.000001,MAX(0.000001,I23*($C23/(($B23^2*(I23-SIN(I23))/8)*(($B23/4)*(1-SIN(I23)/I23))^0.1666666667))^(1/MAX(((I23*(1-COS(I23))+0.1666666667*(SIN(I23)-I23*COS(I23)))/(I23-SIN(I23))),0.25))))) | K23: =IF($C23<=0,0,MIN(2*PI()-0.000001,MAX(0.000001,J23*($C23/(($B23^2*(J23-SIN(J23))/8)*(($B23/4)*(1-SIN(J23)/J23))^0.1666666667))^(1/MAX(((J23*(1-COS(J23))+0.1666666667*(SIN(J23)-J23*COS(J23)))/(J23-SIN(J23))),0.25))))) | L23: =IF($C23<=0,0,MIN(2*PI()-0.000001,MAX(0.000001,K23*($C23/(($B23^2*(K23-SIN(K23))/8)*(($B23/4)*(1-SIN(K23)/K23))^0.1666666667))^(1/MAX(((K23*(1-COS(K23))+0.1666666667*(SIN(K23)-K23*COS(K23)))/(K23-SIN(K23))),0.25))))) | ... R23: =IF($C23<=0,0,MIN(2*PI()-0.000001,MAX(0.000001,Q23*($C23/(($B23^2*(Q23-SIN(Q23))/8)*(($B23/4)*(1-SIN(Q23)/Q23))^0.1666666667))^(1/MAX(((Q23*(1-COS(Q23))+0.1666666667*(SIN(Q23)-Q23*COS(Q23)))/(Q23-SIN(Q23))),0.25))))) | T23: =IF('Grade Calculator'!$K23<=0,0,('Grade Calculator'!$K23/1000)*n_Manning/SQRT(K_sc/100)) | U23: =IF($T23<=0,0,MIN(2*PI()-0.000001,MAX(0.000001,($T23*81.52230382/$B23^2.166666667)^(1/3.333333333)))) | V23: =IF($T23<=0,0,MIN(2*PI()-0.000001,MAX(0.000001,U23*($T23/(($B23^2*(U23-SIN(U23))/8)*(($B23/4)*(1-SIN(U23)/U23))^0.1666666667))^(1/MAX(((U23*(1-COS(U23))+0.1666666667*(SIN(U23)-U23*COS(U23)))/(U23-SIN(U23))),0.25))))) | W23: =IF($T23<=0,0,MIN(2*PI()-0.000001,MAX(0.000001,V23*($T23/(($B23^2*(V23-SIN(V23))/8)*(($B23/4)*(1-SIN(V23)/V23))^0.1666666667))^(1/MAX(((V23*(1-COS(V23))+0.1666666667*(SIN(V23)-V23*COS(V23)))/(V23-SIN(V23))),0.25))))) | X23: =IF($T23<=0,0,MIN(2*PI()-0.000001,MAX(0.000001,W23*($T23/(($B23^2*(W23-SIN(W23))/8)*(($B23/4)*(1-SIN(W23)/W23))^0.1666666667))^(1/MAX(((W23*(1-COS(W23))+0.1666666667*(SIN(W23)-W23*COS(W23)))/(W23-SIN(W23))),0.25))))) | Y23: =IF($T23<=0,0,MIN(2*PI()-0.000001,MAX(0.000001,X23*($T23/(($B23^2*(X23-SIN(X23))/8)*(($B23/4)*(1-SIN(X23)/X23))^0.1666666667))^(1/MAX(((X23*(1-COS(X23))+0.1666666667*(SIN(X23)-X23*COS(X23)))/(X23-SIN(X23))),0.25))))) | Z23: =IF($T23<=0,0,MIN(2*PI()-0.000001,MAX(0.000001,Y23*($T23/(($B23^2*(Y23-SIN(Y23))/8)*(($B23/4)*(1-SIN(Y23)/Y23))^0.1666666667))^(1/MAX(((Y23*(1-COS(Y23))+0.1666666667*(SIN(Y23)-Y23*COS(Y23)))/(Y23-SIN(Y23))),0.25))))) | AA23: =IF($T23<=0,0,MIN(2*PI()-0.000001,MAX(0.000001,Z23*($T23/(($B23^2*(Z23-SIN(Z23))/8)*(($B23/4)*(1-SIN(Z23)/Z23))^0.1666666667))^(1/MAX(((Z23*(1-COS(Z23))+0.1666666667*(SIN(Z23)-Z23*COS(Z23)))/(Z23-SIN(Z23))),0.25))))) | AB23: =IF($T23<=0,0,MIN(2*PI()-0.000001,MAX(0.000001,AA23*($T23/(($B23^2*(AA23-SIN(AA23))/8)*(($B23/4)*(1-SIN(AA23)/AA23))^0.1666666667))^(1/MAX(((AA23*(1-COS(AA23))+0.1666666667*(SIN(AA23)-AA23*COS(AA23)))/(AA23-SIN(AA23))),0.25))))) | AC23: =IF($T23<=0,0,MIN(2*PI()-0.000001,MAX(0.000001,AB23*($T23/(($B23^2*(AB23-SIN(AB23))/8)*(($B23/4)*(1-SIN(AB23)/AB23))^0.1666666667))^(1/MAX(((AB23*(1-COS(AB23))+0.1666666667*(SIN(AB23)-AB23*COS(AB23)))/(AB23-SIN(AB23))),0.25))))) | ... AI23: =IF($T23<=0,0,MIN(2*PI()-0.000001,MAX(0.000001,AH23*($T23/(($B23^2*(AH23-SIN(AH23))/8)*(($B23/4)*(1-SIN(AH23)/AH23))^0.1666666667))^(1/MAX(((AH23*(1-COS(AH23))+0.1666666667*(SIN(AH23)-AH23*COS(AH23)))/(AH23-SIN(AH23))),0.25))))) | AK23: =IF(PDWF_L_s<=0,0,(PDWF_L_s/1000)/V_max) | AL23: =IF($AK23<=0,0,MIN(2*PI()-0.000001,MAX(0.000001,($AK23*48/$B23^2)^(1/3)))) | AM23: =IF($AK23<=0,0,MIN(2*PI()-0.000001,MAX(0.000001,AL23*($AK23/($B23^2*(AL23-SIN(AL23))/8))^(1/MAX((AL23*(1-COS(AL23))/(AL23-SIN(AL23))),0.25))))) | AN23: =IF($AK23<=0,0,MIN(2*PI()-0.000001,MAX(0.000001,AM23*($AK23/($B23^2*(AM23-SIN(AM23))/8))^(1/MAX((AM23*(1-COS(AM23))/(AM23-SIN(AM23))),0.25))))) | AO23: =IF($AK23<=0,0,MIN(2*PI()-0.000001,MAX(0.000001,AN23*($AK23/($B23^2*(AN23-SIN(AN23))/8))^(1/MAX((AN23*(1-COS(AN23))/(AN23-SIN(AN23))),0.25))))) | AP23: =IF($AK23<=0,0,MIN(2*PI()-0.000001,MAX(0.000001,AO23*($AK23/($B23^2*(AO23-SIN(AO23))/8))^(1/MAX((AO23*(1-COS(AO23))/(AO23-SIN(AO23))),0.25))))) | AQ23: =IF($AK23<=0,0,MIN(2*PI()-0.000001,MAX(0.000001,AP23*($AK23/($B23^2*(AP23-SIN(AP23))/8))^(1/MAX((AP23*(1-COS(AP23))/(AP23-SIN(AP23))),0.25))))) | AR23: =IF($AK23<=0,0,MIN(2*PI()-0.000001,MAX(0.000001,AQ23*($AK23/($B23^2*(AQ23-SIN(AQ23))/8))^(1/MAX((AQ23*(1-COS(AQ23))/(AQ23-SIN(AQ23))),0.25))))) | AS23: =IF($AK23<=0,0,MIN(2*PI()-0.000001,MAX(0.000001,AR23*($AK23/($B23^2*(AR23-SIN(AR23))/8))^(1/MAX((AR23*(1-COS(AR23))/(AR23-SIN(AR23))),0.25))))) | AT23: =IF($AK23<=0,0,MIN(2*PI()-0.000001,MAX(0.000001,AS23*($AK23/($B23^2*(AS23-SIN(AS23))/8))^(1/MAX((AS23*(1-COS(AS23))/(AS23-SIN(AS23))),0.25))))) | ... AZ23: =IF($AK23<=0,0,MIN(2*PI()-0.000001,MAX(0.000001,AY23*($AK23/($B23^2*(AY23-SIN(AY23))/8))^(1/MAX((AY23*(1-COS(AY23))/(AY23-SIN(AY23))),0.25))))) | BB23: =IF(OR(PWWF_L_s<=0,'Grade Calculator'!$R23<=0),0,(PWWF_L_s/1000)*n_Manning/SQRT('Grade Calculator'!$R23/100)) | BC23: =IF($BB23<=0,0,MIN(2*PI()-0.000001,MAX(0.000001,($BB23*399.376094/$B23^2.666666667)^(1/4.333333333)))) | BD23: =IF($BB23<=0,0,MIN(2*PI()-0.000001,MAX(0.000001,BC23*($BB23/(($B23^2*(BC23-SIN(BC23))/8)*(($B23/4)*(1-SIN(BC23)/BC23))^0.6666666667))^(1/MAX(((BC23*(1-COS(BC23))+0.6666666667*(SIN(BC23)-BC23*COS(BC23)))/(BC23-SIN(BC23))),0.25))))) | BE23: =IF($BB23<=0,0,MIN(2*PI()-0.000001,MAX(0.000001,BD23*($BB23/(($B23^2*(BD23-SIN(BD23))/8)*(($B23/4)*(1-SIN(BD23)/BD23))^0.6666666667))^(1/MAX(((BD23*(1-COS(BD23))+0.6666666667*(SIN(BD23)-BD23*COS(BD23)))/(BD23-SIN(BD23))),0.25))))) | BF23: =IF($BB23<=0,0,MIN(2*PI()-0.000001,MAX(0.000001,BE23*($BB23/(($B23^2*(BE23-SIN(BE23))/8)*(($B23/4)*(1-SIN(BE23)/BE23))^0.6666666667))^(1/MAX(((BE23*(1-COS(BE23))+0.6666666667*(SIN(BE23)-BE23*COS(BE23)))/(BE23-SIN(BE23))),0.25))))) | BG23: =IF($BB23<=0,0,MIN(2*PI()-0.000001,MAX(0.000001,BF23*($BB23/(($B23^2*(BF23-SIN(BF23))/8)*(($B23/4)*(1-SIN(BF23)/BF23))^0.6666666667))^(1/MAX(((BF23*(1-COS(BF23))+0.6666666667*(SIN(BF23)-BF23*COS(BF23)))/(BF23-SIN(BF23))),0.25))))) | BH23: =IF($BB23<=0,0,MIN(2*PI()-0.000001,MAX(0.000001,BG23*($BB23/(($B23^2*(BG23-SIN(BG23))/8)*(($B23/4)*(1-SIN(BG23)/BG23))^0.6666666667))^(1/MAX(((BG23*(1-COS(BG23))+0.6666666667*(SIN(BG23)-BG23*COS(BG23)))/(BG23-SIN(BG23))),0.25))))) | BI23: =IF($BB23<=0,0,MIN(2*PI()-0.000001,MAX(0.000001,BH23*($BB23/(($B23^2*(BH23-SIN(BH23))/8)*(($B23/4)*(1-SIN(BH23)/BH23))^0.6666666667))^(1/MAX(((BH23*(1-COS(BH23))+0.6666666667*(SIN(BH23)-BH23*COS(BH23)))/(BH23-SIN(BH23))),0.25))))) | BJ23: =IF($BB23<=0,0,MIN(2*PI()-0.000001,MAX(0.000001,BI23*($BB23/(($B23^2*(BI23-SIN(BI23))/8)*(($B23/4)*(1-SIN(BI23)/BI23))^0.6666666667))^(1/MAX(((BI23*(1-COS(BI23))+0.6666666667*(SIN(BI23)-BI23*COS(BI23)))/(BI23-SIN(BI23))),0.25))))) | BK23: =IF($BB23<=0,0,MIN(2*PI()-0.000001,MAX(0.000001,BJ23*($BB23/(($B23^2*(BJ23-SIN(BJ23))/8)*(($B23/4)*(1-SIN(BJ23)/BJ23))^0.6666666667))^(1/MAX(((BJ23*(1-COS(BJ23))+0.6666666667*(SIN(BJ23)-BJ23*COS(BJ23)))/(BJ23-SIN(BJ23))),0.25))))) | ... BQ23: =IF($BB23<=0,0,MIN(2*PI()-0.000001,MAX(0.000001,BP23*($BB23/(($B23^2*(BP23-SIN(BP23))/8)*(($B23/4)*(1-SIN(BP23)/BP23))^0.6666666667))^(1/MAX(((BP23*(1-COS(BP23))+0.6666666667*(SIN(BP23)-BP23*COS(BP23)))/(BP23-SIN(BP23))),0.25)))))
A24: ='Grade Calculator'!$A24 | B24: ='Grade Calculator'!$B24 | C24: =IF('Grade Calculator'!$C24<=0,0,('Grade Calculator'!$C24/1000)*n_Manning/SQRT(K_sss/100)) | D24: =IF($C24<=0,0,MIN(2*PI()-0.000001,MAX(0.000001,($C24*81.52230382/$B24^2.166666667)^(1/3.333333333)))) | E24: =IF($C24<=0,0,MIN(2*PI()-0.000001,MAX(0.000001,D24*($C24/(($B24^2*(D24-SIN(D24))/8)*(($B24/4)*(1-SIN(D24)/D24))^0.1666666667))^(1/MAX(((D24*(1-COS(D24))+0.1666666667*(SIN(D24)-D24*COS(D24)))/(D24-SIN(D24))),0.25))))) | F24: =IF($C24<=0,0,MIN(2*PI()-0.000001,MAX(0.000001,E24*($C24/(($B24^2*(E24-SIN(E24))/8)*(($B24/4)*(1-SIN(E24)/E24))^0.1666666667))^(1/MAX(((E24*(1-COS(E24))+0.1666666667*(SIN(E24)-E24*COS(E24)))/(E24-SIN(E24))),0.25))))) | G24: =IF($C24<=0,0,MIN(2*PI()-0.000001,MAX(0.000001,F24*($C24/(($B24^2*(F24-SIN(F24))/8)*(($B24/4)*(1-SIN(F24)/F24))^0.1666666667))^(1/MAX(((F24*(1-COS(F24))+0.1666666667*(SIN(F24)-F24*COS(F24)))/(F24-SIN(F24))),0.25))))) | H24: =IF($C24<=0,0,MIN(2*PI()-0.000001,MAX(0.000001,G24*($C24/(($B24^2*(G24-SIN(G24))/8)*(($B24/4)*(1-SIN(G24)/G24))^0.1666666667))^(1/MAX(((G24*(1-COS(G24))+0.1666666667*(SIN(G24)-G24*COS(G24)))/(G24-SIN(G24))),0.25))))) | I24: =IF($C24<=0,0,MIN(2*PI()-0.000001,MAX(0.000001,H24*($C24/(($B24^2*(H24-SIN(H24))/8)*(($B24/4)*(1-SIN(H24)/H24))^0.1666666667))^(1/MAX(((H24*(1-COS(H24))+0.1666666667*(SIN(H24)-H24*COS(H24)))/(H24-SIN(H24))),0.25))))) | J24: =IF($C24<=0,0,MIN(2*PI()-0.000001,MAX(0.000001,I24*($C24/(($B24^2*(I24-SIN(I24))/8)*(($B24/4)*(1-SIN(I24)/I24))^0.1666666667))^(1/MAX(((I24*(1-COS(I24))+0.1666666667*(SIN(I24)-I24*COS(I24)))/(I24-SIN(I24))),0.25))))) | K24: =IF($C24<=0,0,MIN(2*PI()-0.000001,MAX(0.000001,J24*($C24/(($B24^2*(J24-SIN(J24))/8)*(($B24/4)*(1-SIN(J24)/J24))^0.1666666667))^(1/MAX(((J24*(1-COS(J24))+0.1666666667*(SIN(J24)-J24*COS(J24)))/(J24-SIN(J24))),0.25))))) | L24: =IF($C24<=0,0,MIN(2*PI()-0.000001,MAX(0.000001,K24*($C24/(($B24^2*(K24-SIN(K24))/8)*(($B24/4)*(1-SIN(K24)/K24))^0.1666666667))^(1/MAX(((K24*(1-COS(K24))+0.1666666667*(SIN(K24)-K24*COS(K24)))/(K24-SIN(K24))),0.25))))) | ... R24: =IF($C24<=0,0,MIN(2*PI()-0.000001,MAX(0.000001,Q24*($C24/(($B24^2*(Q24-SIN(Q24))/8)*(($B24/4)*(1-SIN(Q24)/Q24))^0.1666666667))^(1/MAX(((Q24*(1-COS(Q24))+0.1666666667*(SIN(Q24)-Q24*COS(Q24)))/(Q24-SIN(Q24))),0.25))))) | T24: =IF('Grade Calculator'!$K24<=0,0,('Grade Calculator'!$K24/1000)*n_Manning/SQRT(K_sc/100)) | U24: =IF($T24<=0,0,MIN(2*PI()-0.000001,MAX(0.000001,($T24*81.52230382/$B24^2.166666667)^(1/3.333333333)))) | V24: =IF($T24<=0,0,MIN(2*PI()-0.000001,MAX(0.000001,U24*($T24/(($B24^2*(U24-SIN(U24))/8)*(($B24/4)*(1-SIN(U24)/U24))^0.1666666667))^(1/MAX(((U24*(1-COS(U24))+0.1666666667*(SIN(U24)-U24*COS(U24)))/(U24-SIN(U24))),0.25))))) | W24: =IF($T24<=0,0,MIN(2*PI()-0.000001,MAX(0.000001,V24*($T24/(($B24^2*(V24-SIN(V24))/8)*(($B24/4)*(1-SIN(V24)/V24))^0.1666666667))^(1/MAX(((V24*(1-COS(V24))+0.1666666667*(SIN(V24)-V24*COS(V24)))/(V24-SIN(V24))),0.25))))) | X24: =IF($T24<=0,0,MIN(2*PI()-0.000001,MAX(0.000001,W24*($T24/(($B24^2*(W24-SIN(W24))/8)*(($B24/4)*(1-SIN(W24)/W24))^0.1666666667))^(1/MAX(((W24*(1-COS(W24))+0.1666666667*(SIN(W24)-W24*COS(W24)))/(W24-SIN(W24))),0.25))))) | Y24: =IF($T24<=0,0,MIN(2*PI()-0.000001,MAX(0.000001,X24*($T24/(($B24^2*(X24-SIN(X24))/8)*(($B24/4)*(1-SIN(X24)/X24))^0.1666666667))^(1/MAX(((X24*(1-COS(X24))+0.1666666667*(SIN(X24)-X24*COS(X24)))/(X24-SIN(X24))),0.25))))) | Z24: =IF($T24<=0,0,MIN(2*PI()-0.000001,MAX(0.000001,Y24*($T24/(($B24^2*(Y24-SIN(Y24))/8)*(($B24/4)*(1-SIN(Y24)/Y24))^0.1666666667))^(1/MAX(((Y24*(1-COS(Y24))+0.1666666667*(SIN(Y24)-Y24*COS(Y24)))/(Y24-SIN(Y24))),0.25))))) | AA24: =IF($T24<=0,0,MIN(2*PI()-0.000001,MAX(0.000001,Z24*($T24/(($B24^2*(Z24-SIN(Z24))/8)*(($B24/4)*(1-SIN(Z24)/Z24))^0.1666666667))^(1/MAX(((Z24*(1-COS(Z24))+0.1666666667*(SIN(Z24)-Z24*COS(Z24)))/(Z24-SIN(Z24))),0.25))))) | AB24: =IF($T24<=0,0,MIN(2*PI()-0.000001,MAX(0.000001,AA24*($T24/(($B24^2*(AA24-SIN(AA24))/8)*(($B24/4)*(1-SIN(AA24)/AA24))^0.1666666667))^(1/MAX(((AA24*(1-COS(AA24))+0.1666666667*(SIN(AA24)-AA24*COS(AA24)))/(AA24-SIN(AA24))),0.25))))) | AC24: =IF($T24<=0,0,MIN(2*PI()-0.000001,MAX(0.000001,AB24*($T24/(($B24^2*(AB24-SIN(AB24))/8)*(($B24/4)*(1-SIN(AB24)/AB24))^0.1666666667))^(1/MAX(((AB24*(1-COS(AB24))+0.1666666667*(SIN(AB24)-AB24*COS(AB24)))/(AB24-SIN(AB24))),0.25))))) | ... AI24: =IF($T24<=0,0,MIN(2*PI()-0.000001,MAX(0.000001,AH24*($T24/(($B24^2*(AH24-SIN(AH24))/8)*(($B24/4)*(1-SIN(AH24)/AH24))^0.1666666667))^(1/MAX(((AH24*(1-COS(AH24))+0.1666666667*(SIN(AH24)-AH24*COS(AH24)))/(AH24-SIN(AH24))),0.25))))) | AK24: =IF(PDWF_L_s<=0,0,(PDWF_L_s/1000)/V_max) | AL24: =IF($AK24<=0,0,MIN(2*PI()-0.000001,MAX(0.000001,($AK24*48/$B24^2)^(1/3)))) | AM24: =IF($AK24<=0,0,MIN(2*PI()-0.000001,MAX(0.000001,AL24*($AK24/($B24^2*(AL24-SIN(AL24))/8))^(1/MAX((AL24*(1-COS(AL24))/(AL24-SIN(AL24))),0.25))))) | AN24: =IF($AK24<=0,0,MIN(2*PI()-0.000001,MAX(0.000001,AM24*($AK24/($B24^2*(AM24-SIN(AM24))/8))^(1/MAX((AM24*(1-COS(AM24))/(AM24-SIN(AM24))),0.25))))) | AO24: =IF($AK24<=0,0,MIN(2*PI()-0.000001,MAX(0.000001,AN24*($AK24/($B24^2*(AN24-SIN(AN24))/8))^(1/MAX((AN24*(1-COS(AN24))/(AN24-SIN(AN24))),0.25))))) | AP24: =IF($AK24<=0,0,MIN(2*PI()-0.000001,MAX(0.000001,AO24*($AK24/($B24^2*(AO24-SIN(AO24))/8))^(1/MAX((AO24*(1-COS(AO24))/(AO24-SIN(AO24))),0.25))))) | AQ24: =IF($AK24<=0,0,MIN(2*PI()-0.000001,MAX(0.000001,AP24*($AK24/($B24^2*(AP24-SIN(AP24))/8))^(1/MAX((AP24*(1-COS(AP24))/(AP24-SIN(AP24))),0.25))))) | AR24: =IF($AK24<=0,0,MIN(2*PI()-0.000001,MAX(0.000001,AQ24*($AK24/($B24^2*(AQ24-SIN(AQ24))/8))^(1/MAX((AQ24*(1-COS(AQ24))/(AQ24-SIN(AQ24))),0.25))))) | AS24: =IF($AK24<=0,0,MIN(2*PI()-0.000001,MAX(0.000001,AR24*($AK24/($B24^2*(AR24-SIN(AR24))/8))^(1/MAX((AR24*(1-COS(AR24))/(AR24-SIN(AR24))),0.25))))) | AT24: =IF($AK24<=0,0,MIN(2*PI()-0.000001,MAX(0.000001,AS24*($AK24/($B24^2*(AS24-SIN(AS24))/8))^(1/MAX((AS24*(1-COS(AS24))/(AS24-SIN(AS24))),0.25))))) | ... AZ24: =IF($AK24<=0,0,MIN(2*PI()-0.000001,MAX(0.000001,AY24*($AK24/($B24^2*(AY24-SIN(AY24))/8))^(1/MAX((AY24*(1-COS(AY24))/(AY24-SIN(AY24))),0.25))))) | BB24: =IF(OR(PWWF_L_s<=0,'Grade Calculator'!$R24<=0),0,(PWWF_L_s/1000)*n_Manning/SQRT('Grade Calculator'!$R24/100)) | BC24: =IF($BB24<=0,0,MIN(2*PI()-0.000001,MAX(0.000001,($BB24*399.376094/$B24^2.666666667)^(1/4.333333333)))) | BD24: =IF($BB24<=0,0,MIN(2*PI()-0.000001,MAX(0.000001,BC24*($BB24/(($B24^2*(BC24-SIN(BC24))/8)*(($B24/4)*(1-SIN(BC24)/BC24))^0.6666666667))^(1/MAX(((BC24*(1-COS(BC24))+0.6666666667*(SIN(BC24)-BC24*COS(BC24)))/(BC24-SIN(BC24))),0.25))))) | BE24: =IF($BB24<=0,0,MIN(2*PI()-0.000001,MAX(0.000001,BD24*($BB24/(($B24^2*(BD24-SIN(BD24))/8)*(($B24/4)*(1-SIN(BD24)/BD24))^0.6666666667))^(1/MAX(((BD24*(1-COS(BD24))+0.6666666667*(SIN(BD24)-BD24*COS(BD24)))/(BD24-SIN(BD24))),0.25))))) | BF24: =IF($BB24<=0,0,MIN(2*PI()-0.000001,MAX(0.000001,BE24*($BB24/(($B24^2*(BE24-SIN(BE24))/8)*(($B24/4)*(1-SIN(BE24)/BE24))^0.6666666667))^(1/MAX(((BE24*(1-COS(BE24))+0.6666666667*(SIN(BE24)-BE24*COS(BE24)))/(BE24-SIN(BE24))),0.25))))) | BG24: =IF($BB24<=0,0,MIN(2*PI()-0.000001,MAX(0.000001,BF24*($BB24/(($B24^2*(BF24-SIN(BF24))/8)*(($B24/4)*(1-SIN(BF24)/BF24))^0.6666666667))^(1/MAX(((BF24*(1-COS(BF24))+0.6666666667*(SIN(BF24)-BF24*COS(BF24)))/(BF24-SIN(BF24))),0.25))))) | BH24: =IF($BB24<=0,0,MIN(2*PI()-0.000001,MAX(0.000001,BG24*($BB24/(($B24^2*(BG24-SIN(BG24))/8)*(($B24/4)*(1-SIN(BG24)/BG24))^0.6666666667))^(1/MAX(((BG24*(1-COS(BG24))+0.6666666667*(SIN(BG24)-BG24*COS(BG24)))/(BG24-SIN(BG24))),0.25))))) | BI24: =IF($BB24<=0,0,MIN(2*PI()-0.000001,MAX(0.000001,BH24*($BB24/(($B24^2*(BH24-SIN(BH24))/8)*(($B24/4)*(1-SIN(BH24)/BH24))^0.6666666667))^(1/MAX(((BH24*(1-COS(BH24))+0.6666666667*(SIN(BH24)-BH24*COS(BH24)))/(BH24-SIN(BH24))),0.25))))) | BJ24: =IF($BB24<=0,0,MIN(2*PI()-0.000001,MAX(0.000001,BI24*($BB24/(($B24^2*(BI24-SIN(BI24))/8)*(($B24/4)*(1-SIN(BI24)/BI24))^0.6666666667))^(1/MAX(((BI24*(1-COS(BI24))+0.6666666667*(SIN(BI24)-BI24*COS(BI24)))/(BI24-SIN(BI24))),0.25))))) | BK24: =IF($BB24<=0,0,MIN(2*PI()-0.000001,MAX(0.000001,BJ24*($BB24/(($B24^2*(BJ24-SIN(BJ24))/8)*(($B24/4)*(1-SIN(BJ24)/BJ24))^0.6666666667))^(1/MAX(((BJ24*(1-COS(BJ24))+0.6666666667*(SIN(BJ24)-BJ24*COS(BJ24)))/(BJ24-SIN(BJ24))),0.25))))) | ... BQ24: =IF($BB24<=0,0,MIN(2*PI()-0.000001,MAX(0.000001,BP24*($BB24/(($B24^2*(BP24-SIN(BP24))/8)*(($B24/4)*(1-SIN(BP24)/BP24))^0.6666666667))^(1/MAX(((BP24*(1-COS(BP24))+0.6666666667*(SIN(BP24)-BP24*COS(BP24)))/(BP24-SIN(BP24))),0.25)))))
A25: ='Grade Calculator'!$A25 | B25: ='Grade Calculator'!$B25 | C25: =IF('Grade Calculator'!$C25<=0,0,('Grade Calculator'!$C25/1000)*n_Manning/SQRT(K_sss/100)) | D25: =IF($C25<=0,0,MIN(2*PI()-0.000001,MAX(0.000001,($C25*81.52230382/$B25^2.166666667)^(1/3.333333333)))) | E25: =IF($C25<=0,0,MIN(2*PI()-0.000001,MAX(0.000001,D25*($C25/(($B25^2*(D25-SIN(D25))/8)*(($B25/4)*(1-SIN(D25)/D25))^0.1666666667))^(1/MAX(((D25*(1-COS(D25))+0.1666666667*(SIN(D25)-D25*COS(D25)))/(D25-SIN(D25))),0.25))))) | F25: =IF($C25<=0,0,MIN(2*PI()-0.000001,MAX(0.000001,E25*($C25/(($B25^2*(E25-SIN(E25))/8)*(($B25/4)*(1-SIN(E25)/E25))^0.1666666667))^(1/MAX(((E25*(1-COS(E25))+0.1666666667*(SIN(E25)-E25*COS(E25)))/(E25-SIN(E25))),0.25))))) | G25: =IF($C25<=0,0,MIN(2*PI()-0.000001,MAX(0.000001,F25*($C25/(($B25^2*(F25-SIN(F25))/8)*(($B25/4)*(1-SIN(F25)/F25))^0.1666666667))^(1/MAX(((F25*(1-COS(F25))+0.1666666667*(SIN(F25)-F25*COS(F25)))/(F25-SIN(F25))),0.25))))) | H25: =IF($C25<=0,0,MIN(2*PI()-0.000001,MAX(0.000001,G25*($C25/(($B25^2*(G25-SIN(G25))/8)*(($B25/4)*(1-SIN(G25)/G25))^0.1666666667))^(1/MAX(((G25*(1-COS(G25))+0.1666666667*(SIN(G25)-G25*COS(G25)))/(G25-SIN(G25))),0.25))))) | I25: =IF($C25<=0,0,MIN(2*PI()-0.000001,MAX(0.000001,H25*($C25/(($B25^2*(H25-SIN(H25))/8)*(($B25/4)*(1-SIN(H25)/H25))^0.1666666667))^(1/MAX(((H25*(1-COS(H25))+0.1666666667*(SIN(H25)-H25*COS(H25)))/(H25-SIN(H25))),0.25))))) | J25: =IF($C25<=0,0,MIN(2*PI()-0.000001,MAX(0.000001,I25*($C25/(($B25^2*(I25-SIN(I25))/8)*(($B25/4)*(1-SIN(I25)/I25))^0.1666666667))^(1/MAX(((I25*(1-COS(I25))+0.1666666667*(SIN(I25)-I25*COS(I25)))/(I25-SIN(I25))),0.25))))) | K25: =IF($C25<=0,0,MIN(2*PI()-0.000001,MAX(0.000001,J25*($C25/(($B25^2*(J25-SIN(J25))/8)*(($B25/4)*(1-SIN(J25)/J25))^0.1666666667))^(1/MAX(((J25*(1-COS(J25))+0.1666666667*(SIN(J25)-J25*COS(J25)))/(J25-SIN(J25))),0.25))))) | L25: =IF($C25<=0,0,MIN(2*PI()-0.000001,MAX(0.000001,K25*($C25/(($B25^2*(K25-SIN(K25))/8)*(($B25/4)*(1-SIN(K25)/K25))^0.1666666667))^(1/MAX(((K25*(1-COS(K25))+0.1666666667*(SIN(K25)-K25*COS(K25)))/(K25-SIN(K25))),0.25))))) | ... R25: =IF($C25<=0,0,MIN(2*PI()-0.000001,MAX(0.000001,Q25*($C25/(($B25^2*(Q25-SIN(Q25))/8)*(($B25/4)*(1-SIN(Q25)/Q25))^0.1666666667))^(1/MAX(((Q25*(1-COS(Q25))+0.1666666667*(SIN(Q25)-Q25*COS(Q25)))/(Q25-SIN(Q25))),0.25))))) | T25: =IF('Grade Calculator'!$K25<=0,0,('Grade Calculator'!$K25/1000)*n_Manning/SQRT(K_sc/100)) | U25: =IF($T25<=0,0,MIN(2*PI()-0.000001,MAX(0.000001,($T25*81.52230382/$B25^2.166666667)^(1/3.333333333)))) | V25: =IF($T25<=0,0,MIN(2*PI()-0.000001,MAX(0.000001,U25*($T25/(($B25^2*(U25-SIN(U25))/8)*(($B25/4)*(1-SIN(U25)/U25))^0.1666666667))^(1/MAX(((U25*(1-COS(U25))+0.1666666667*(SIN(U25)-U25*COS(U25)))/(U25-SIN(U25))),0.25))))) | W25: =IF($T25<=0,0,MIN(2*PI()-0.000001,MAX(0.000001,V25*($T25/(($B25^2*(V25-SIN(V25))/8)*(($B25/4)*(1-SIN(V25)/V25))^0.1666666667))^(1/MAX(((V25*(1-COS(V25))+0.1666666667*(SIN(V25)-V25*COS(V25)))/(V25-SIN(V25))),0.25))))) | X25: =IF($T25<=0,0,MIN(2*PI()-0.000001,MAX(0.000001,W25*($T25/(($B25^2*(W25-SIN(W25))/8)*(($B25/4)*(1-SIN(W25)/W25))^0.1666666667))^(1/MAX(((W25*(1-COS(W25))+0.1666666667*(SIN(W25)-W25*COS(W25)))/(W25-SIN(W25))),0.25))))) | Y25: =IF($T25<=0,0,MIN(2*PI()-0.000001,MAX(0.000001,X25*($T25/(($B25^2*(X25-SIN(X25))/8)*(($B25/4)*(1-SIN(X25)/X25))^0.1666666667))^(1/MAX(((X25*(1-COS(X25))+0.1666666667*(SIN(X25)-X25*COS(X25)))/(X25-SIN(X25))),0.25))))) | Z25: =IF($T25<=0,0,MIN(2*PI()-0.000001,MAX(0.000001,Y25*($T25/(($B25^2*(Y25-SIN(Y25))/8)*(($B25/4)*(1-SIN(Y25)/Y25))^0.1666666667))^(1/MAX(((Y25*(1-COS(Y25))+0.1666666667*(SIN(Y25)-Y25*COS(Y25)))/(Y25-SIN(Y25))),0.25))))) | AA25: =IF($T25<=0,0,MIN(2*PI()-0.000001,MAX(0.000001,Z25*($T25/(($B25^2*(Z25-SIN(Z25))/8)*(($B25/4)*(1-SIN(Z25)/Z25))^0.1666666667))^(1/MAX(((Z25*(1-COS(Z25))+0.1666666667*(SIN(Z25)-Z25*COS(Z25)))/(Z25-SIN(Z25))),0.25))))) | AB25: =IF($T25<=0,0,MIN(2*PI()-0.000001,MAX(0.000001,AA25*($T25/(($B25^2*(AA25-SIN(AA25))/8)*(($B25/4)*(1-SIN(AA25)/AA25))^0.1666666667))^(1/MAX(((AA25*(1-COS(AA25))+0.1666666667*(SIN(AA25)-AA25*COS(AA25)))/(AA25-SIN(AA25))),0.25))))) | AC25: =IF($T25<=0,0,MIN(2*PI()-0.000001,MAX(0.000001,AB25*($T25/(($B25^2*(AB25-SIN(AB25))/8)*(($B25/4)*(1-SIN(AB25)/AB25))^0.1666666667))^(1/MAX(((AB25*(1-COS(AB25))+0.1666666667*(SIN(AB25)-AB25*COS(AB25)))/(AB25-SIN(AB25))),0.25))))) | ... AI25: =IF($T25<=0,0,MIN(2*PI()-0.000001,MAX(0.000001,AH25*($T25/(($B25^2*(AH25-SIN(AH25))/8)*(($B25/4)*(1-SIN(AH25)/AH25))^0.1666666667))^(1/MAX(((AH25*(1-COS(AH25))+0.1666666667*(SIN(AH25)-AH25*COS(AH25)))/(AH25-SIN(AH25))),0.25))))) | AK25: =IF(PDWF_L_s<=0,0,(PDWF_L_s/1000)/V_max) | AL25: =IF($AK25<=0,0,MIN(2*PI()-0.000001,MAX(0.000001,($AK25*48/$B25^2)^(1/3)))) | AM25: =IF($AK25<=0,0,MIN(2*PI()-0.000001,MAX(0.000001,AL25*($AK25/($B25^2*(AL25-SIN(AL25))/8))^(1/MAX((AL25*(1-COS(AL25))/(AL25-SIN(AL25))),0.25))))) | AN25: =IF($AK25<=0,0,MIN(2*PI()-0.000001,MAX(0.000001,AM25*($AK25/($B25^2*(AM25-SIN(AM25))/8))^(1/MAX((AM25*(1-COS(AM25))/(AM25-SIN(AM25))),0.25))))) | AO25: =IF($AK25<=0,0,MIN(2*PI()-0.000001,MAX(0.000001,AN25*($AK25/($B25^2*(AN25-SIN(AN25))/8))^(1/MAX((AN25*(1-COS(AN25))/(AN25-SIN(AN25))),0.25))))) | AP25: =IF($AK25<=0,0,MIN(2*PI()-0.000001,MAX(0.000001,AO25*($AK25/($B25^2*(AO25-SIN(AO25))/8))^(1/MAX((AO25*(1-COS(AO25))/(AO25-SIN(AO25))),0.25))))) | AQ25: =IF($AK25<=0,0,MIN(2*PI()-0.000001,MAX(0.000001,AP25*($AK25/($B25^2*(AP25-SIN(AP25))/8))^(1/MAX((AP25*(1-COS(AP25))/(AP25-SIN(AP25))),0.25))))) | AR25: =IF($AK25<=0,0,MIN(2*PI()-0.000001,MAX(0.000001,AQ25*($AK25/($B25^2*(AQ25-SIN(AQ25))/8))^(1/MAX((AQ25*(1-COS(AQ25))/(AQ25-SIN(AQ25))),0.25))))) | AS25: =IF($AK25<=0,0,MIN(2*PI()-0.000001,MAX(0.000001,AR25*($AK25/($B25^2*(AR25-SIN(AR25))/8))^(1/MAX((AR25*(1-COS(AR25))/(AR25-SIN(AR25))),0.25))))) | AT25: =IF($AK25<=0,0,MIN(2*PI()-0.000001,MAX(0.000001,AS25*($AK25/($B25^2*(AS25-SIN(AS25))/8))^(1/MAX((AS25*(1-COS(AS25))/(AS25-SIN(AS25))),0.25))))) | ... AZ25: =IF($AK25<=0,0,MIN(2*PI()-0.000001,MAX(0.000001,AY25*($AK25/($B25^2*(AY25-SIN(AY25))/8))^(1/MAX((AY25*(1-COS(AY25))/(AY25-SIN(AY25))),0.25))))) | BB25: =IF(OR(PWWF_L_s<=0,'Grade Calculator'!$R25<=0),0,(PWWF_L_s/1000)*n_Manning/SQRT('Grade Calculator'!$R25/100)) | BC25: =IF($BB25<=0,0,MIN(2*PI()-0.000001,MAX(0.000001,($BB25*399.376094/$B25^2.666666667)^(1/4.333333333)))) | BD25: =IF($BB25<=0,0,MIN(2*PI()-0.000001,MAX(0.000001,BC25*($BB25/(($B25^2*(BC25-SIN(BC25))/8)*(($B25/4)*(1-SIN(BC25)/BC25))^0.6666666667))^(1/MAX(((BC25*(1-COS(BC25))+0.6666666667*(SIN(BC25)-BC25*COS(BC25)))/(BC25-SIN(BC25))),0.25))))) | BE25: =IF($BB25<=0,0,MIN(2*PI()-0.000001,MAX(0.000001,BD25*($BB25/(($B25^2*(BD25-SIN(BD25))/8)*(($B25/4)*(1-SIN(BD25)/BD25))^0.6666666667))^(1/MAX(((BD25*(1-COS(BD25))+0.6666666667*(SIN(BD25)-BD25*COS(BD25)))/(BD25-SIN(BD25))),0.25))))) | BF25: =IF($BB25<=0,0,MIN(2*PI()-0.000001,MAX(0.000001,BE25*($BB25/(($B25^2*(BE25-SIN(BE25))/8)*(($B25/4)*(1-SIN(BE25)/BE25))^0.6666666667))^(1/MAX(((BE25*(1-COS(BE25))+0.6666666667*(SIN(BE25)-BE25*COS(BE25)))/(BE25-SIN(BE25))),0.25))))) | BG25: =IF($BB25<=0,0,MIN(2*PI()-0.000001,MAX(0.000001,BF25*($BB25/(($B25^2*(BF25-SIN(BF25))/8)*(($B25/4)*(1-SIN(BF25)/BF25))^0.6666666667))^(1/MAX(((BF25*(1-COS(BF25))+0.6666666667*(SIN(BF25)-BF25*COS(BF25)))/(BF25-SIN(BF25))),0.25))))) | BH25: =IF($BB25<=0,0,MIN(2*PI()-0.000001,MAX(0.000001,BG25*($BB25/(($B25^2*(BG25-SIN(BG25))/8)*(($B25/4)*(1-SIN(BG25)/BG25))^0.6666666667))^(1/MAX(((BG25*(1-COS(BG25))+0.6666666667*(SIN(BG25)-BG25*COS(BG25)))/(BG25-SIN(BG25))),0.25))))) | BI25: =IF($BB25<=0,0,MIN(2*PI()-0.000001,MAX(0.000001,BH25*($BB25/(($B25^2*(BH25-SIN(BH25))/8)*(($B25/4)*(1-SIN(BH25)/BH25))^0.6666666667))^(1/MAX(((BH25*(1-COS(BH25))+0.6666666667*(SIN(BH25)-BH25*COS(BH25)))/(BH25-SIN(BH25))),0.25))))) | BJ25: =IF($BB25<=0,0,MIN(2*PI()-0.000001,MAX(0.000001,BI25*($BB25/(($B25^2*(BI25-SIN(BI25))/8)*(($B25/4)*(1-SIN(BI25)/BI25))^0.6666666667))^(1/MAX(((BI25*(1-COS(BI25))+0.6666666667*(SIN(BI25)-BI25*COS(BI25)))/(BI25-SIN(BI25))),0.25))))) | BK25: =IF($BB25<=0,0,MIN(2*PI()-0.000001,MAX(0.000001,BJ25*($BB25/(($B25^2*(BJ25-SIN(BJ25))/8)*(($B25/4)*(1-SIN(BJ25)/BJ25))^0.6666666667))^(1/MAX(((BJ25*(1-COS(BJ25))+0.6666666667*(SIN(BJ25)-BJ25*COS(BJ25)))/(BJ25-SIN(BJ25))),0.25))))) | ... BQ25: =IF($BB25<=0,0,MIN(2*PI()-0.000001,MAX(0.000001,BP25*($BB25/(($B25^2*(BP25-SIN(BP25))/8)*(($B25/4)*(1-SIN(BP25)/BP25))^0.6666666667))^(1/MAX(((BP25*(1-COS(BP25))+0.6666666667*(SIN(BP25)-BP25*COS(BP25)))/(BP25-SIN(BP25))),0.25)))))
A27: Reverse: theta from Rp = K/S (grade known)
A28: Sss | B28: =IF('Grade Calculator'!$J$5="","",INDEX('Grade Calculator'!$B$16:$B$25,MATCH('Grade Calculator'!$J$5,'Grade Calculator'!$A$16:$A$25,0))) | C28: =IF(OR('Grade Calculator'!$J$6<=0,B28=""),0,K_sss/'Grade Calculator'!$J$6) | D28: =IF(OR($C28<=0,$C28>$B28/4),0,MIN(2*PI()-0.000001,MAX(0.000001,SQRT(24*$C28/$B28)))) | E28: =IF(OR($C28<=0,$C28>$B28/4),0,MIN(2*PI()-0.000001,MAX(0.000001,D28*($C28/(($B28/4)*(1-SIN(D28)/D28)))^(1/MAX((D28/(($B28/4)*(1-SIN(D28)/D28))*(($B28/4)*(SIN(D28)-D28*COS(D28))/D28^2)),0.25))))) | F28: =IF(OR($C28<=0,$C28>$B28/4),0,MIN(2*PI()-0.000001,MAX(0.000001,E28*($C28/(($B28/4)*(1-SIN(E28)/E28)))^(1/MAX((E28/(($B28/4)*(1-SIN(E28)/E28))*(($B28/4)*(SIN(E28)-E28*COS(E28))/E28^2)),0.25))))) | G28: =IF(OR($C28<=0,$C28>$B28/4),0,MIN(2*PI()-0.000001,MAX(0.000001,F28*($C28/(($B28/4)*(1-SIN(F28)/F28)))^(1/MAX((F28/(($B28/4)*(1-SIN(F28)/F28))*(($B28/4)*(SIN(F28)-F28*COS(F28))/F28^2)),0.25))))) | H28: =IF(OR($C28<=0,$C28>$B28/4),0,MIN(2*PI()-0.000001,MAX(0.000001,G28*($C28/(($B28/4)*(1-SIN(G28)/G28)))^(1/MAX((G28/(($B28/4)*(1-SIN(G28)/G28))*(($B28/4)*(SIN(G28)-G28*COS(G28))/G28^2)),0.25))))) | I28: =IF(OR($C28<=0,$C28>$B28/4),0,MIN(2*PI()-0.000001,MAX(0.000001,H28*($C28/(($B28/4)*(1-SIN(H28)/H28)))^(1/MAX((H28/(($B28/4)*(1-SIN(H28)/H28))*(($B28/4)*(SIN(H28)-H28*COS(H28))/H28^2)),0.25))))) | J28: =IF(OR($C28<=0,$C28>$B28/4),0,MIN(2*PI()-0.000001,MAX(0.000001,I28*($C28/(($B28/4)*(1-SIN(I28)/I28)))^(1/MAX((I28/(($B28/4)*(1-SIN(I28)/I28))*(($B28/4)*(SIN(I28)-I28*COS(I28))/I28^2)),0.25))))) | K28: =IF(OR($C28<=0,$C28>$B28/4),0,MIN(2*PI()-0.000001,MAX(0.000001,J28*($C28/(($B28/4)*(1-SIN(J28)/J28)))^(1/MAX((J28/(($B28/4)*(1-SIN(J28)/J28))*(($B28/4)*(SIN(J28)-J28*COS(J28))/J28^2)),0.25))))) | L28: =IF(OR($C28<=0,$C28>$B28/4),0,MIN(2*PI()-0.000001,MAX(0.000001,K28*($C28/(($B28/4)*(1-SIN(K28)/K28)))^(1/MAX((K28/(($B28/4)*(1-SIN(K28)/K28))*(($B28/4)*(SIN(K28)-K28*COS(K28))/K28^2)),0.25))))) | ... R28: =IF(OR($C28<=0,$C28>$B28/4),0,MIN(2*PI()-0.000001,MAX(0.000001,Q28*($C28/(($B28/4)*(1-SIN(Q28)/Q28)))^(1/MAX((Q28/(($B28/4)*(1-SIN(Q28)/Q28))*(($B28/4)*(SIN(Q28)-Q28*COS(Q28))/Q28^2)),0.25)))))
A29: Ssc | B29: =IF('Grade Calculator'!$J$5="","",INDEX('Grade Calculator'!$B$16:$B$25,MATCH('Grade Calculator'!$J$5,'Grade Calculator'!$A$16:$A$25,0))) | C29: =IF(OR('Grade Calculator'!$J$6<=0,B29=""),0,K_sc/'Grade Calculator'!$J$6) | D29: =IF(OR($C29<=0,$C29>$B29/4),0,MIN(2*PI()-0.000001,MAX(0.000001,SQRT(24*$C29/$B29)))) | E29: =IF(OR($C29<=0,$C29>$B29/4),0,MIN(2*PI()-0.000001,MAX(0.000001,D29*($C29/(($B29/4)*(1-SIN(D29)/D29)))^(1/MAX((D29/(($B29/4)*(1-SIN(D29)/D29))*(($B29/4)*(SIN(D29)-D29*COS(D29))/D29^2)),0.25))))) | F29: =IF(OR($C29<=0,$C29>$B29/4),0,MIN(2*PI()-0.000001,MAX(0.000001,E29*($C29/(($B29/4)*(1-SIN(E29)/E29)))^(1/MAX((E29/(($B29/4)*(1-SIN(E29)/E29))*(($B29/4)*(SIN(E29)-E29*COS(E29))/E29^2)),0.25))))) | G29: =IF(OR($C29<=0,$C29>$B29/4),0,MIN(2*PI()-0.000001,MAX(0.000001,F29*($C29/(($B29/4)*(1-SIN(F29)/F29)))^(1/MAX((F29/(($B29/4)*(1-SIN(F29)/F29))*(($B29/4)*(SIN(F29)-F29*COS(F29))/F29^2)),0.25))))) | H29: =IF(OR($C29<=0,$C29>$B29/4),0,MIN(2*PI()-0.000001,MAX(0.000001,G29*($C29/(($B29/4)*(1-SIN(G29)/G29)))^(1/MAX((G29/(($B29/4)*(1-SIN(G29)/G29))*(($B29/4)*(SIN(G29)-G29*COS(G29))/G29^2)),0.25))))) | I29: =IF(OR($C29<=0,$C29>$B29/4),0,MIN(2*PI()-0.000001,MAX(0.000001,H29*($C29/(($B29/4)*(1-SIN(H29)/H29)))^(1/MAX((H29/(($B29/4)*(1-SIN(H29)/H29))*(($B29/4)*(SIN(H29)-H29*COS(H29))/H29^2)),0.25))))) | J29: =IF(OR($C29<=0,$C29>$B29/4),0,MIN(2*PI()-0.000001,MAX(0.000001,I29*($C29/(($B29/4)*(1-SIN(I29)/I29)))^(1/MAX((I29/(($B29/4)*(1-SIN(I29)/I29))*(($B29/4)*(SIN(I29)-I29*COS(I29))/I29^2)),0.25))))) | K29: =IF(OR($C29<=0,$C29>$B29/4),0,MIN(2*PI()-0.000001,MAX(0.000001,J29*($C29/(($B29/4)*(1-SIN(J29)/J29)))^(1/MAX((J29/(($B29/4)*(1-SIN(J29)/J29))*(($B29/4)*(SIN(J29)-J29*COS(J29))/J29^2)),0.25))))) | L29: =IF(OR($C29<=0,$C29>$B29/4),0,MIN(2*PI()-0.000001,MAX(0.000001,K29*($C29/(($B29/4)*(1-SIN(K29)/K29)))^(1/MAX((K29/(($B29/4)*(1-SIN(K29)/K29))*(($B29/4)*(SIN(K29)-K29*COS(K29))/K29^2)),0.25))))) | ... R29: =IF(OR($C29<=0,$C29>$B29/4),0,MIN(2*PI()-0.000001,MAX(0.000001,Q29*($C29/(($B29/4)*(1-SIN(Q29)/Q29)))^(1/MAX((Q29/(($B29/4)*(1-SIN(Q29)/Q29))*(($B29/4)*(SIN(Q29)-Q29*COS(Q29))/Q29^2)),0.25)))))

Sheet Design Table
A1: Reverse-direction design table: choose pipe size and depth ratio -> the flow that satisfies each criterion and the corresponding grade (no iteration at all)
A2: For a given DN and y/D: Q75 is the flow for which that depth gives exactly Sss = K_sss/Rp under Manning; PDWF(Sss) = Q75/f_sss. Qsc / Ssc likewise with K_sc. q* = Q n / (sqrt(K_sss/100) D^(13/6)) is dimensionless and identical for every DN, so one curve covers all diameters.
A4: DN | B4: D (m) | C4: y/D | D4: theta (rad) | E4: A (m2) | F4: P (m) | G4: Rp (m) | H4: Q75 for Sss (L/s) | I4: PDWF (Sss basis) (L/s) | J4: Sss (%) | K4: Sss (1 in) | L4: V at Q75 (m/s) | M4: q* (dimensionless) | N4: Qsc for Ssc (L/s) | O4: PDWF (Ssc basis) (L/s) | P4: Ssc (%)
A5: 150 | B5: =A5/1000 | C5: 0.05 | D5: =2*ACOS(1-2*C5) | E5: =B5^2*(D5-SIN(D5))/8 | F5: =B5*D5/2 | G5: =E5/F5 | H5: =(1/n_Manning)*SQRT(K_sss/100)*E5*G5^(1/6)*1000 | I5: =H5/f_sss | J5: =K_sss/G5 | K5: =100/J5 | L5: =(H5/1000)/E5 | M5: =(H5/1000)*n_Manning/SQRT(K_sss/100)/B5^(13/6) | N5: =(1/n_Manning)*SQRT(K_sc/100)*E5*G5^(1/6)*1000 | O5: =N5/f_sc | P5: =K_sc/G5
A6: 150 | B6: =A6/1000 | C6: 0.1 | D6: =2*ACOS(1-2*C6) | E6: =B6^2*(D6-SIN(D6))/8 | F6: =B6*D6/2 | G6: =E6/F6 | H6: =(1/n_Manning)*SQRT(K_sss/100)*E6*G6^(1/6)*1000 | I6: =H6/f_sss | J6: =K_sss/G6 | K6: =100/J6 | L6: =(H6/1000)/E6 | M6: =(H6/1000)*n_Manning/SQRT(K_sss/100)/B6^(13/6) | N6: =(1/n_Manning)*SQRT(K_sc/100)*E6*G6^(1/6)*1000 | O6: =N6/f_sc | P6: =K_sc/G6
A7: 150 | B7: =A7/1000 | C7: 0.15 | D7: =2*ACOS(1-2*C7) | E7: =B7^2*(D7-SIN(D7))/8 | F7: =B7*D7/2 | G7: =E7/F7 | H7: =(1/n_Manning)*SQRT(K_sss/100)*E7*G7^(1/6)*1000 | I7: =H7/f_sss | J7: =K_sss/G7 | K7: =100/J7 | L7: =(H7/1000)/E7 | M7: =(H7/1000)*n_Manning/SQRT(K_sss/100)/B7^(13/6) | N7: =(1/n_Manning)*SQRT(K_sc/100)*E7*G7^(1/6)*1000 | O7: =N7/f_sc | P7: =K_sc/G7
A8: 150 | B8: =A8/1000 | C8: 0.2 | D8: =2*ACOS(1-2*C8) | E8: =B8^2*(D8-SIN(D8))/8 | F8: =B8*D8/2 | G8: =E8/F8 | H8: =(1/n_Manning)*SQRT(K_sss/100)*E8*G8^(1/6)*1000 | I8: =H8/f_sss | J8: =K_sss/G8 | K8: =100/J8 | L8: =(H8/1000)/E8 | M8: =(H8/1000)*n_Manning/SQRT(K_sss/100)/B8^(13/6) | N8: =(1/n_Manning)*SQRT(K_sc/100)*E8*G8^(1/6)*1000 | O8: =N8/f_sc | P8: =K_sc/G8
A9: 150 | B9: =A9/1000 | C9: 0.25 | D9: =2*ACOS(1-2*C9) | E9: =B9^2*(D9-SIN(D9))/8 | F9: =B9*D9/2 | G9: =E9/F9 | H9: =(1/n_Manning)*SQRT(K_sss/100)*E9*G9^(1/6)*1000 | I9: =H9/f_sss | J9: =K_sss/G9 | K9: =100/J9 | L9: =(H9/1000)/E9 | M9: =(H9/1000)*n_Manning/SQRT(K_sss/100)/B9^(13/6) | N9: =(1/n_Manning)*SQRT(K_sc/100)*E9*G9^(1/6)*1000 | O9: =N9/f_sc | P9: =K_sc/G9
A10: 150 | B10: =A10/1000 | C10: 0.3 | D10: =2*ACOS(1-2*C10) | E10: =B10^2*(D10-SIN(D10))/8 | F10: =B10*D10/2 | G10: =E10/F10 | H10: =(1/n_Manning)*SQRT(K_sss/100)*E10*G10^(1/6)*1000 | I10: =H10/f_sss | J10: =K_sss/G10 | K10: =100/J10 | L10: =(H10/1000)/E10 | M10: =(H10/1000)*n_Manning/SQRT(K_sss/100)/B10^(13/6) | N10: =(1/n_Manning)*SQRT(K_sc/100)*E10*G10^(1/6)*1000 | O10: =N10/f_sc | P10: =K_sc/G10
A11: 150 | B11: =A11/1000 | C11: 0.35 | D11: =2*ACOS(1-2*C11) | E11: =B11^2*(D11-SIN(D11))/8 | F11: =B11*D11/2 | G11: =E11/F11 | H11: =(1/n_Manning)*SQRT(K_sss/100)*E11*G11^(1/6)*1000 | I11: =H11/f_sss | J11: =K_sss/G11 | K11: =100/J11 | L11: =(H11/1000)/E11 | M11: =(H11/1000)*n_Manning/SQRT(K_sss/100)/B11^(13/6) | N11: =(1/n_Manning)*SQRT(K_sc/100)*E11*G11^(1/6)*1000 | O11: =N11/f_sc | P11: =K_sc/G11
A12: 150 | B12: =A12/1000 | C12: 0.4 | D12: =2*ACOS(1-2*C12) | E12: =B12^2*(D12-SIN(D12))/8 | F12: =B12*D12/2 | G12: =E12/F12 | H12: =(1/n_Manning)*SQRT(K_sss/100)*E12*G12^(1/6)*1000 | I12: =H12/f_sss | J12: =K_sss/G12 | K12: =100/J12 | L12: =(H12/1000)/E12 | M12: =(H12/1000)*n_Manning/SQRT(K_sss/100)/B12^(13/6) | N12: =(1/n_Manning)*SQRT(K_sc/100)*E12*G12^(1/6)*1000 | O12: =N12/f_sc | P12: =K_sc/G12
A13: 150 | B13: =A13/1000 | C13: 0.45 | D13: =2*ACOS(1-2*C13) | E13: =B13^2*(D13-SIN(D13))/8 | F13: =B13*D13/2 | G13: =E13/F13 | H13: =(1/n_Manning)*SQRT(K_sss/100)*E13*G13^(1/6)*1000 | I13: =H13/f_sss | J13: =K_sss/G13 | K13: =100/J13 | L13: =(H13/1000)/E13 | M13: =(H13/1000)*n_Manning/SQRT(K_sss/100)/B13^(13/6) | N13: =(1/n_Manning)*SQRT(K_sc/100)*E13*G13^(1/6)*1000 | O13: =N13/f_sc | P13: =K_sc/G13
A14: 150 | B14: =A14/1000 | C14: 0.5 | D14: =2*ACOS(1-2*C14) | E14: =B14^2*(D14-SIN(D14))/8 | F14: =B14*D14/2 | G14: =E14/F14 | H14: =(1/n_Manning)*SQRT(K_sss/100)*E14*G14^(1/6)*1000 | I14: =H14/f_sss | J14: =K_sss/G14 | K14: =100/J14 | L14: =(H14/1000)/E14 | M14: =(H14/1000)*n_Manning/SQRT(K_sss/100)/B14^(13/6) | N14: =(1/n_Manning)*SQRT(K_sc/100)*E14*G14^(1/6)*1000 | O14: =N14/f_sc | P14: =K_sc/G14
A15: 150 | B15: =A15/1000 | C15: 0.55 | D15: =2*ACOS(1-2*C15) | E15: =B15^2*(D15-SIN(D15))/8 | F15: =B15*D15/2 | G15: =E15/F15 | H15: =(1/n_Manning)*SQRT(K_sss/100)*E15*G15^(1/6)*1000 | I15: =H15/f_sss | J15: =K_sss/G15 | K15: =100/J15 | L15: =(H15/1000)/E15 | M15: =(H15/1000)*n_Manning/SQRT(K_sss/100)/B15^(13/6) | N15: =(1/n_Manning)*SQRT(K_sc/100)*E15*G15^(1/6)*1000 | O15: =N15/f_sc | P15: =K_sc/G15
A16: 150 | B16: =A16/1000 | C16: 0.6 | D16: =2*ACOS(1-2*C16) | E16: =B16^2*(D16-SIN(D16))/8 | F16: =B16*D16/2 | G16: =E16/F16 | H16: =(1/n_Manning)*SQRT(K_sss/100)*E16*G16^(1/6)*1000 | I16: =H16/f_sss | J16: =K_sss/G16 | K16: =100/J16 | L16: =(H16/1000)/E16 | M16: =(H16/1000)*n_Manning/SQRT(K_sss/100)/B16^(13/6) | N16: =(1/n_Manning)*SQRT(K_sc/100)*E16*G16^(1/6)*1000 | O16: =N16/f_sc | P16: =K_sc/G16
... A213: 900 | B213: =A213/1000 | C213: 1 | D213: =2*ACOS(1-2*C213) | E213: =B213^2*(D213-SIN(D213))/8 | F213: =B213*D213/2 | G213: =E213/F213 | H213: =(1/n_Manning)*SQRT(K_sss/100)*E213*G213^(1/6)*1000 | I213: =H213/f_sss | J213: =K_sss/G213 | K213: =100/J213 | L213: =(H213/1000)/E213 | M213: =(H213/1000)*n_Manning/SQRT(K_sss/100)/B213^(13/6) | N213: =(1/n_Manning)*SQRT(K_sc/100)*E213*G213^(1/6)*1000 | O213: =N213/f_sc | P213: =K_sc/G213

Sheet Validation
A1: Validation against the original spreadsheet's Wolfram Alpha solutions and published values
A2: Rows 5-9 re-solve the exact cases the original sheet solved in Wolfram Alpha, using the same iteration as 'Calc'. Differences are rounding of the Wolfram values the original typed in.
A4: Case | B4: D (m) | C4: Target T | D4: n | E4: K (%.m) | F4: theta0 | G4: step 1 | H4: step 2 | I4: step 3 | J4: step 4 | K4: step 5 | L4: step 6 | M4: step 7 | N4: step 8 | O4: step 9 | P4: step 10 | Q4: step 11 | R4: step 12 | S4: step 13 | T4: step 14 | U4: theta | V4: Result | W4: Expected (original) | X4: Difference
A5: DN300 slime control: y (mm) at Q75 = 4.1015 L/s (0.75 x 5.4686) | B5: 0.3 | C5: =(4.1014679739535103/1000)*D5/SQRT(E5/100) | D5: 0.012 | E5: 0.0338 | F5: =IF($C5<=0,0,MIN(2*PI()-0.000001,MAX(0.000001,($C5*81.52230382/$B5^2.166666667)^(1/3.333333333)))) | G5: =IF($C5<=0,0,MIN(2*PI()-0.000001,MAX(0.000001,F5*($C5/(($B5^2*(F5-SIN(F5))/8)*(($B5/4)*(1-SIN(F5)/F5))^0.1666666667))^(1/MAX(((F5*(1-COS(F5))+0.1666666667*(SIN(F5)-F5*COS(F5)))/(F5-SIN(F5))),0.25))))) | H5: =IF($C5<=0,0,MIN(2*PI()-0.000001,MAX(0.000001,G5*($C5/(($B5^2*(G5-SIN(G5))/8)*(($B5/4)*(1-SIN(G5)/G5))^0.1666666667))^(1/MAX(((G5*(1-COS(G5))+0.1666666667*(SIN(G5)-G5*COS(G5)))/(G5-SIN(G5))),0.25))))) | I5: =IF($C5<=0,0,MIN(2*PI()-0.000001,MAX(0.000001,H5*($C5/(($B5^2*(H5-SIN(H5))/8)*(($B5/4)*(1-SIN(H5)/H5))^0.1666666667))^(1/MAX(((H5*(1-COS(H5))+0.1666666667*(SIN(H5)-H5*COS(H5)))/(H5-SIN(H5))),0.25))))) | J5: =IF($C5<=0,0,MIN(2*PI()-0.000001,MAX(0.000001,I5*($C5/(($B5^2*(I5-SIN(I5))/8)*(($B5/4)*(1-SIN(I5)/I5))^0.1666666667))^(1/MAX(((I5*(1-COS(I5))+0.1666666667*(SIN(I5)-I5*COS(I5)))/(I5-SIN(I5))),0.25))))) | K5: =IF($C5<=0,0,MIN(2*PI()-0.000001,MAX(0.000001,J5*($C5/(($B5^2*(J5-SIN(J5))/8)*(($B5/4)*(1-SIN(J5)/J5))^0.1666666667))^(1/MAX(((J5*(1-COS(J5))+0.1666666667*(SIN(J5)-J5*COS(J5)))/(J5-SIN(J5))),0.25))))) | L5: =IF($C5<=0,0,MIN(2*PI()-0.000001,MAX(0.000001,K5*($C5/(($B5^2*(K5-SIN(K5))/8)*(($B5/4)*(1-SIN(K5)/K5))^0.1666666667))^(1/MAX(((K5*(1-COS(K5))+0.1666666667*(SIN(K5)-K5*COS(K5)))/(K5-SIN(K5))),0.25))))) | M5: =IF($C5<=0,0,MIN(2*PI()-0.000001,MAX(0.000001,L5*($C5/(($B5^2*(L5-SIN(L5))/8)*(($B5/4)*(1-SIN(L5)/L5))^0.1666666667))^(1/MAX(((L5*(1-COS(L5))+0.1666666667*(SIN(L5)-L5*COS(L5)))/(L5-SIN(L5))),0.25))))) | N5: =IF($C5<=0,0,MIN(2*PI()-0.000001,MAX(0.000001,M5*($C5/(($B5^2*(M5-SIN(M5))/8)*(($B5/4)*(1-SIN(M5)/M5))^0.1666666667))^(1/MAX(((M5*(1-COS(M5))+0.1666666667*(SIN(M5)-M5*COS(M5)))/(M5-SIN(M5))),0.25))))) | ... T5: =IF($C5<=0,0,MIN(2*PI()-0.000001,MAX(0.000001,S5*($C5/(($B5^2*(S5-SIN(S5))/8)*(($B5/4)*(1-SIN(S5)/S5))^0.1666666667))^(1/MAX(((S5*(1-COS(S5))+0.1666666667*(SIN(S5)-S5*COS(S5)))/(S5-SIN(S5))),0.25))))) | U5: =T5 | V5: =$B5/2*(1-COS(U5/2))*1000 | W5: 37 | X5: =V5-W5
A6: DN300 slime control: Sss (%) for the same case | V6: =$E$5/(($B$5/4)*(1-SIN(U5)/U5)) | W6: 1.4552151 | X6: =V6-W6
A7: DN150 max velocity: y (mm) for A = 0.0018857 m2 (5.4686 L/s at 2.9 m/s) | B7: 0.15 | C7: 0.0018857324 | F7: =IF($C7<=0,0,MIN(2*PI()-0.000001,MAX(0.000001,($C7*48/$B7^2)^(1/3)))) | G7: =IF($C7<=0,0,MIN(2*PI()-0.000001,MAX(0.000001,F7*($C7/($B7^2*(F7-SIN(F7))/8))^(1/MAX((F7*(1-COS(F7))/(F7-SIN(F7))),0.25))))) | H7: =IF($C7<=0,0,MIN(2*PI()-0.000001,MAX(0.000001,G7*($C7/($B7^2*(G7-SIN(G7))/8))^(1/MAX((G7*(1-COS(G7))/(G7-SIN(G7))),0.25))))) | I7: =IF($C7<=0,0,MIN(2*PI()-0.000001,MAX(0.000001,H7*($C7/($B7^2*(H7-SIN(H7))/8))^(1/MAX((H7*(1-COS(H7))/(H7-SIN(H7))),0.25))))) | J7: =IF($C7<=0,0,MIN(2*PI()-0.000001,MAX(0.000001,I7*($C7/($B7^2*(I7-SIN(I7))/8))^(1/MAX((I7*(1-COS(I7))/(I7-SIN(I7))),0.25))))) | K7: =IF($C7<=0,0,MIN(2*PI()-0.000001,MAX(0.000001,J7*($C7/($B7^2*(J7-SIN(J7))/8))^(1/MAX((J7*(1-COS(J7))/(J7-SIN(J7))),0.25))))) | L7: =IF($C7<=0,0,MIN(2*PI()-0.000001,MAX(0.000001,K7*($C7/($B7^2*(K7-SIN(K7))/8))^(1/MAX((K7*(1-COS(K7))/(K7-SIN(K7))),0.25))))) | M7: =IF($C7<=0,0,MIN(2*PI()-0.000001,MAX(0.000001,L7*($C7/($B7^2*(L7-SIN(L7))/8))^(1/MAX((L7*(1-COS(L7))/(L7-SIN(L7))),0.25))))) | N7: =IF($C7<=0,0,MIN(2*PI()-0.000001,MAX(0.000001,M7*($C7/($B7^2*(M7-SIN(M7))/8))^(1/MAX((M7*(1-COS(M7))/(M7-SIN(M7))),0.25))))) | ... T7: =IF($C7<=0,0,MIN(2*PI()-0.000001,MAX(0.000001,S7*($C7/($B7^2*(S7-SIN(S7))/8))^(1/MAX((S7*(1-COS(S7))/(S7-SIN(S7))),0.25))))) | U7: =T7 | V7: =$B7/2*(1-COS(U7/2))*1000 | W7: 24.5518 | X7: =V7-W7
A8: DN300 max velocity: y (mm) for A = 0.0018857 m2 (5.4686 L/s at 2.9 m/s) | B8: 0.3 | C8: 0.0018857324 | F8: =IF($C8<=0,0,MIN(2*PI()-0.000001,MAX(0.000001,($C8*48/$B8^2)^(1/3)))) | G8: =IF($C8<=0,0,MIN(2*PI()-0.000001,MAX(0.000001,F8*($C8/($B8^2*(F8-SIN(F8))/8))^(1/MAX((F8*(1-COS(F8))/(F8-SIN(F8))),0.25))))) | H8: =IF($C8<=0,0,MIN(2*PI()-0.000001,MAX(0.000001,G8*($C8/($B8^2*(G8-SIN(G8))/8))^(1/MAX((G8*(1-COS(G8))/(G8-SIN(G8))),0.25))))) | I8: =IF($C8<=0,0,MIN(2*PI()-0.000001,MAX(0.000001,H8*($C8/($B8^2*(H8-SIN(H8))/8))^(1/MAX((H8*(1-COS(H8))/(H8-SIN(H8))),0.25))))) | J8: =IF($C8<=0,0,MIN(2*PI()-0.000001,MAX(0.000001,I8*($C8/($B8^2*(I8-SIN(I8))/8))^(1/MAX((I8*(1-COS(I8))/(I8-SIN(I8))),0.25))))) | K8: =IF($C8<=0,0,MIN(2*PI()-0.000001,MAX(0.000001,J8*($C8/($B8^2*(J8-SIN(J8))/8))^(1/MAX((J8*(1-COS(J8))/(J8-SIN(J8))),0.25))))) | L8: =IF($C8<=0,0,MIN(2*PI()-0.000001,MAX(0.000001,K8*($C8/($B8^2*(K8-SIN(K8))/8))^(1/MAX((K8*(1-COS(K8))/(K8-SIN(K8))),0.25))))) | M8: =IF($C8<=0,0,MIN(2*PI()-0.000001,MAX(0.000001,L8*($C8/($B8^2*(L8-SIN(L8))/8))^(1/MAX((L8*(1-COS(L8))/(L8-SIN(L8))),0.25))))) | N8: =IF($C8<=0,0,MIN(2*PI()-0.000001,MAX(0.000001,M8*($C8/($B8^2*(M8-SIN(M8))/8))^(1/MAX((M8*(1-COS(M8))/(M8-SIN(M8))),0.25))))) | ... T8: =IF($C8<=0,0,MIN(2*PI()-0.000001,MAX(0.000001,S8*($C8/($B8^2*(S8-SIN(S8))/8))^(1/MAX((S8*(1-COS(S8))/(S8-SIN(S8))),0.25))))) | U8: =T8 | V8: =$B8/2*(1-COS(U8/2))*1000 | W8: 19.069 | X8: =V8-W8
A9: DN150 max grade (%) for the same case (original: 32.47 % = 2.9 m/s in DN150 at 5.47 L/s) | V9: =((2.9*0.012)/((($C$7)/(0.075*U7))^(2/3)))^2*100 | W9: 32.472473 | X9: =V9-W9
A12: Published Icon Water values (Molonglo 2 sewer report) - implied design flows computed with the same equations (n = 0.012, K_sss = 0.0338):
A13: DN225 SSC grade 0.94 % -> Rp = 0.036 m, y/D = 0.28, Q75 = 7.9 L/s, PDWF ~ 10.5 L/s
A14: DN300 SSC grade 0.54-0.64 % -> y/D = 0.31-0.39, PDWF ~ 23-32 L/s
A15: STD-SPE-G-011 Version 5 fixes the coefficients at Ssc = 0.0135/Rp and Sss = 0.0338/Rp, both at Qdmp. The 0.0163 figure was an earlier guess and is not in the supplement.

Sheet Sources
A1: Sources and further reading (see also RESEARCH_NOTES.md in the repo)
A3: Publisher | B3: Document / relevance | C3: Link
A4: Icon Water | B4: STD-SPE-G-011 Supplement to WSA 02-2014-3.3 Gravity Sewerage Code of Australia (Eq IW.5.5.3.1-3, IW.5.5.4, Table IW.3) - download from the standards page | C4: https://www.iconwater.com.au/Developers-and-Renovators/Water-and-Sewerage-Service-Standards-and-Guidelines/New-Icon-Water-water-supply-and-sewerage-standards
A5: WSAA / Sydney Water | B5: WSA 02-2002-2.2 Sewerage Code of Australia, Sydney Water Edition v3 (2009), Part 1 Planning and Design - cl 3 flow estimation, cl 4.5 pipe sizing and grading, App A EP, App B flow model. In RAG corpus: rag_demo_complete\pdfs\sydney_water\WSA02_2002_Part1_22_SW3.pdf | C5: (local)
A6: WSAA | B6: WSA 02-2014 Gravity Sewerage Code of Australia v3.1 / v3.3 (purchase) | C6: https://www.wsaa.asn.au/
A7: Sydney Water | B7: Design guideline - minimising odour-causing turbulence D0002356 (0.7 m/s; 1.6 Pa grit; 3.35 Pa slime; min grade tables) | C7: https://www.sydneywater.com.au/content/dam/sydneywater/documents/provider-information/standards-specifications/design-guideline-minimising-odour-causing-turbulence.pdf
A8: Sydney Water | B8: Pipe sizing and grading tables (Tables SW 4.1-4.x, EP / grade / capacity) | C8: https://www.sydneywater.com.au/content/dam/sydneywater/documents/provider-information/instructions/pipe-sizing-and-grading-tables.pdf
A9: Standards Australia | B9: AS 2200-2006 Design charts for water supply and sewerage (Colebrook-White / Manning part-full charts) | C9: https://www.standards.org.au/
A10: Standards Australia | B10: AS/NZS 3500.2 Sanitary plumbing and drainage - minimum drain grades (in RAG corpus: AS3500.2-2021.pdf) | C10: (local)
A11: Central Coast Council | B11: WSAA Sewerage Code supplement V1.0 - refers to Hunter Water WSA 02-2014-3.1 App HW R empirical size/grade relationships (in RAG corpus) | C11: (local)
A12: Mara & Broome (2008) | B12: Sewerage: a return to basics to benefit the poor - i_min = K Q^-6/13 from tractive tension + Manning (NBR 9649 form 0.0055 Q^-0.47) | C12: https://eprints.whiterose.ac.uk/
A13: Akgiray (2004, 2005) | B13: Explicit solutions of the Manning equation for partially filled circular pipes (Can. J. Civ. Eng. 32:490-499; Environ. Eng. Sci. 21(3)) | C13: https://doi.org/10.1139/l05-001
A14: Saatci (1990) | B14: Velocity and depth of flow calculations in partially filled pipes, J. Environ. Eng. 116(6) | C14: https://doi.org/10.1061/(ASCE)0733-9372(1990)116:6(1202)
... A20: QLD (FNQROC D7, CMDG D12, Toowoomba) | B20: PDWF = 4.7 EP^-0.105 ADWF; tractive force 0.15 kg/m2 | C20: https://www.fnqroc.qld.gov.au/
